zip,name,name_nl,name_fr,localities,latitude,longitude
1000,Brussel,Brussel,Bruxelles,Brussel|Bruxelles,50.8504,4.3488
1020,Brussel,Brussel,Bruxelles,Brussel|Bruxelles|Laken|Laeken,50.8759,4.3484
1030,Schaarbeek,Schaarbeek,Schaerbeek,Schaarbeek|Schaerbeek,50.8694,4.3774
1040,Etterbeek,Etterbeek,Etterbeek,Etterbeek|Brussel|Bruxelles,50.8327,4.3884
1050,Elsene,Elsene,Ixelles,Elsene|Ixelles|Brussel|Bruxelles,50.8333,4.3667
1060,Sint-Gillis,Sint-Gillis,Saint-Gilles,Sint-Gillis|Saint-Gilles,50.8276,4.3439
1070,Anderlecht,Anderlecht,Anderlecht,Anderlecht,50.8362,4.3145
1080,Sint-Jans-Molenbeek,Sint-Jans-Molenbeek,Molenbeek-Saint-Jean,Sint-Jans-Molenbeek|Molenbeek-Saint-Jean,50.8499,4.3125
1081,Koekelberg,Koekelberg,Koekelberg,Koekelberg,50.8612,4.3314
1082,Sint-Agatha-Berchem,Sint-Agatha-Berchem,Berchem-Sainte-Agathe,Sint-Agatha-Berchem|Berchem-Sainte-Agathe,50.8657,4.2956
1083,Ganshoren,Ganshoren,Ganshoren,Ganshoren,50.8707,4.3153
1090,Jette,Jette,Jette,Jette,50.8731,4.3342
1120,Brussel,Brussel,Bruxelles,Brussel|Bruxelles|Neder-Over-Heembeek,50.9057,4.3922
1130,Brussel,Brussel,Bruxelles,Brussel|Bruxelles|Haren,50.8956,4.4170
1140,Evere,Evere,Evere,Evere,50.8744,4.3990
1150,Sint-Pieters-Woluwe,Sint-Pieters-Woluwe,Woluwe-Saint-Pierre,Sint-Pieters-Woluwe|Woluwe-Saint-Pierre,50.8551,4.3707
1160,Oudergem,Oudergem,Auderghem,Oudergem|Auderghem,50.8167,4.4333
1170,Watermaal-Bosvoorde,Watermaal-Bosvoorde,Watermael-Boitsfort,Watermaal-Bosvoorde|Watermael-Boitsfort,50.8015,4.4144
1180,Ukkel,Ukkel,Uccle,Ukkel|Uccle,50.8022,4.3394
1190,Vorst,Vorst,Forest,Vorst|Forest,50.8168,4.3278
1200,Sint-Lambrechts-Woluwe,Sint-Lambrechts-Woluwe,Woluwe-Saint-Lambert,Sint-Lambrechts-Woluwe|Woluwe-Saint-Lambert,50.8439,4.4291
1210,Sint-Joost-ten-Node,Sint-Joost-ten-Node,Saint-Josse-ten-Noode,Sint-Joost-ten-Node|Saint-Josse-ten-Noode,50.8538,4.3728
1300,Wavre,Waver,Wavre,Waver|Wavre|Limal,50.7172,4.6014
1301,Waver,Waver,Wavre,Waver|Wavre|Bierges,50.7114,4.5866
1310,La Hulpe,Terhulpen,La Hulpe,Terhulpen|La Hulpe,50.7309,4.4858
1315,Incourt,Incourt,Incourt,Incourt|Glimes|Opprebais|Piétrebais|Roux-Miroir,50.6915,4.7982
1320,Beauvechain,Bevekom,Beauvechain,Bevekom|Beauvechain|Hamme-Mille|l'Écluse|Nodebais|Tourinnes-la-Grosse,50.7820,4.7718
1325,Chaumont-Gistoux,Chaumont-Gistoux,Chaumont-Gistoux,Chaumont-Gistoux|Bonlez|Corroy-le-Grand|Dion-Valmont|Longueville,50.6775,4.7212
1330,Rixensart,Rixensart,Rixensart,Rixensart,50.7123,4.5253
1331,Rixensart,Rixensart,Rixensart,Rixensart|Rosières,50.7310,4.5447
1332,Rixensart,Rixensart,Rixensart,Rixensart|Genval,50.7216,4.4938
1340,Ottignies-Louvain-la-Neuve,Ottignies-Louvain-la-Neuve,Ottignies-Louvain-la-Neuve,Ottignies-Louvain-la-Neuve|Ottignies,50.6671,4.5502
1341,Ottignies-Louvain-la-Neuve,Ottignies-Louvain-la-Neuve,Ottignies-Louvain-la-Neuve,Ottignies-Louvain-la-Neuve|Céroux-Mousty,50.6609,4.5207
1342,Ottignies-Louvain-la-Neuve,Ottignies-Louvain-la-Neuve,Ottignies-Louvain-la-Neuve,Ottignies-Louvain-la-Neuve|Limelette,50.6843,4.5719
1348,Ottignies-Louvain-la-Neuve,Ottignies-Louvain-la-Neuve,Ottignies-Louvain-la-Neuve,Ottignies-Louvain-la-Neuve|Louvain-la-Neuve,50.6683,4.6144
1350,Orp-Jauche,Orp-Jauche,Orp-Jauche,Orp-Jauche|Enines|Folx-les-Caves|Jandrain-Jandrenouille|Jauche|Marilles|Noduwez|Orp-le-Grand,50.6839,4.9493
1357,Hélécine,Hélécine,Hélécine,Hélécine|Linsmeau|Neerheylissem|Opheylissem,50.7390,4.6983
1360,Perwez,Perwijs,Perwez,Perwijs|Perwez|Malèves-Sainte-Marie-Wastinnes|Orbais|Thorembais-les-Béguines|Thorembais-Saint-Trond,50.6243,4.8135
1367,Ramillies,Ramillies,Ramillies,Ramillies|Autre-Eglise|Bomal|Geest-Gérompont-Petit-Rosière|Gérompont|Grand-Rosière-Hottomont|Huppaye|Mont-Saint-André,50.6339,4.9012
1370,Jodoigne,Geldenaken,Jodoigne,Geldenaken|Jodoigne|Dongelberg|Jauchelette|Jodoigne-Souveraine|Lathuy|Mélin|Piétrain|Saint-Jean-Geest|Saint-Remy-Geest|Zétrud-Lumay,50.7236,4.8691
1380,Lasne,Lasne,Lasne,Lasne|Couture-Saint-Germain|Lasne-Chapelle-Saint-Lambert|Maransart|Ohain|Plancenoit,50.6875,4.4816
1390,Grez-Doiceau,Graven,Grez-Doiceau,Graven|Grez-Doiceau|Archennes|Biez|Bossut-Gottechain|Nethen,50.7390,4.6983
1400,Nivelles,Nijvel,Nivelles,Nijvel|Nivelles|Monstreux,50.5983,4.3285
1401,Nijvel,Nijvel,Nivelles,Nijvel|Nivelles|Baulers,50.6133,4.3528
1402,Nijvel,Nijvel,Nivelles,Nijvel|Nivelles|Thines,50.5968,4.3690
1404,Nijvel,Nijvel,Nivelles,Nijvel|Nivelles|Bornival,50.6019,4.2765
1410,Waterloo,Waterloo,Waterloo,Waterloo,50.7147,4.3991
1420,Braine-l'Alleud,Eigenbrakel,Braine-l'Alleud,Eigenbrakel|Braine-l'Alleud,50.6836,4.3678
1421,Eigenbrakel,Eigenbrakel,Braine-l’Alleud,Eigenbrakel|Braine-l’Alleud|Ophain-Bois-Seigneur-Isaac,50.6665,4.3487
1428,Eigenbrakel,Eigenbrakel,Braine-l’Alleud,Eigenbrakel|Braine-l’Alleud|Lillois-Witterzée,50.6455,4.3668
1430,Rebecq,Rebecq,Rebecq,Rebecq|Bierghes|Quenast|Rebecq-Rognon,50.6660,4.1320
1435,Mont-Saint-Guibert,Mont-Saint-Guibert,Mont-Saint-Guibert,Mont-Saint-Guibert|Corbais|Hévillers,50.6343,4.6106
1440,Braine-le-Château,Kasteelbrakel,Braine-le-Château,Kasteelbrakel|Braine-le-Château|Wauthier-Braine,50.6799,4.2739
1450,Chastre,Chastre,Chastre,Chastre|Chastre-Villeroux-Blanmont|Cortil-Noirmont|Gentinnes|Saint-Géry,50.6007,4.6340
1457,Walhain,Walhain,Walhain,Walhain|Nil-Saint-Vincent-Saint-Martin|Tourinnes-Saint-Lambert|Walhain-Saint-Paul,50.6168,4.6948
1460,Ittre,Itter,Ittre,Itter|Ittre|Virginal-Samme,50.6440,4.2648
1461,Itter,Itter,Ittre,Itter|Ittre|Haut-Ittre,50.6531,4.2978
1470,Genappe,Genepiën,Genappe,Genepiën|Genappe|Baisy-Thy|Bousval,50.6117,4.4515
1471,Genepiën,Genepiën,Genappe,Genepiën|Genappe|Loupoigne,50.5981,4.4445
1472,Genepiën,Genepiën,Genappe,Genepiën|Genappe|Vieux-Genappe,50.6085,4.4410
1473,Genepiën,Genepiën,Genappe,Genepiën|Genappe|Glabais,50.6307,4.4533
1474,Genepiën,Genepiën,Genappe,Genepiën|Genappe|Ways,50.6111,4.4645
1476,Genepiën,Genepiën,Genappe,Genepiën|Genappe|Houtain-le-Val,50.5824,4.4126
1480,Tubize,Tubeke,Tubize,Tubeke|Tubize|Clabecq|Oisquercq|Saintes,50.6906,4.2009
1490,Court-Saint-Etienne,Court-Saint-Etienne,Court-Saint-Etienne,Court-Saint-Etienne,50.6338,4.5685
1495,Villers-la-Ville,Villers-la-Ville,Villers-la-Ville,Villers-la-Ville|Marbais|Mellery|Sart-Dames-Avelines|Tilly,50.5667,4.5167
1500,Halle,Halle,Hal,Halle|Hal,50.7338,4.2345
1501,Halle,Halle,Hal,Halle|Hal|Buizingen,50.7354,4.2477
1502,Halle,Halle,Hal,Halle|Hal|Lembeek,50.7157,4.2183
1540,Pajottegem,Pajottegem,Pajottegem,Pajottegem|Herfelingen|Herne,50.7242,4.0348
1541,Pajottegem,Pajottegem,Pajottegem,Pajottegem|Sint-Pieters-Kapelle,50.7076,3.9900
1547,Bever,Bever,Biévène,Bever|Biévène,50.7164,3.9412
1560,Hoeilaart,Hoeilaart,Hoeilaart,Hoeilaart,50.7673,4.4683
1570,Pajottegem,Pajottegem,Pajottegem,Pajottegem|Galmaarden|Tollembeek|Vollezele,50.7410,4.0067
1600,Sint-Pieters-Leeuw,Sint-Pieters-Leeuw,Sint-Pieters-Leeuw,Sint-Pieters-Leeuw|Oudenaken|Sint-Laureins-Berchem,50.7793,4.2435
1601,Sint-Pieters-Leeuw,Sint-Pieters-Leeuw,Sint-Pieters-Leeuw,Sint-Pieters-Leeuw|Ruisbroek,50.7901,4.2977
1602,Sint-Pieters-Leeuw,Sint-Pieters-Leeuw,Sint-Pieters-Leeuw,Sint-Pieters-Leeuw|Vlezenbeek,50.8078,4.2320
1620,Drogenbos,Drogenbos,Drogenbos,Drogenbos,50.7873,4.3147
1630,Linkebeek,Linkebeek,Linkebeek,Linkebeek,50.7678,4.3369
1640,Sint-Genesius-Rode,Sint-Genesius-Rode,Rhode-Saint-Genèse,Sint-Genesius-Rode|Rhode-Saint-Genèse,50.7464,4.3575
1650,Beersel,Beersel,Beersel,Beersel,50.7659,4.3002
1651,Beersel,Beersel,Beersel,Beersel|Lot,50.7679,4.2771
1652,Beersel,Beersel,Beersel,Beersel|Alsemberg,50.7413,4.3375
1653,Beersel,Beersel,Beersel,Beersel|Dworp,50.7298,4.3011
1654,Beersel,Beersel,Beersel,Beersel|Huizingen,50.7465,4.2738
1670,Pepingen,Pepingen,Pepingen,Pepingen|Bogaarden|Heikruis,50.7592,4.1598
1671,Pepingen,Pepingen,Pepingen,Pepingen|Elingen,50.7789,4.1709
1673,Pepingen,Pepingen,Pepingen,Pepingen|Beert,50.7410,4.1810
1674,Pepingen,Pepingen,Pepingen,Pepingen|Bellingen,50.7409,4.1537
1700,Dilbeek,Dilbeek,Dilbeek,Dilbeek|Sint-Martens-Bodegem|Sint-Ulriks-Kapelle,50.8480,4.2597
1701,Dilbeek,Dilbeek,Dilbeek,Dilbeek|Itterbeek,50.8380,4.2495
1702,Dilbeek,Dilbeek,Dilbeek,Dilbeek|Groot-Bijgaarden,50.8717,4.2497
1703,Dilbeek,Dilbeek,Dilbeek,Dilbeek|Schepdaal,50.8384,4.1961
1730,Asse,Asse,Asse,Asse|Bekkerzeel|Kobbegem|Mollem,50.9101,4.1984
1731,Asse,Asse,Asse,Asse|Relegem|Zellik,50.8991,4.2769
1740,Ternat,Ternat,Ternat,Ternat,50.8665,4.1668
1741,Ternat,Ternat,Ternat,Ternat|Wambeek,50.8528,4.1617
1742,Ternat,Ternat,Ternat,Ternat|Sint-Katherina-Lombeek,50.8731,4.1536
1745,Opwijk,Opwijk,Opwijk,Opwijk|Mazenzele,50.9672,4.1844
1750,Lennik,Lennik,Lennik,Lennik|Gaasbeek|Sint-Kwintens-Lennik|Sint-Martens-Lennik,50.8090,4.1622
1755,Pajottegem,Pajottegem,Pajottegem,Pajottegem|Gooik|Kester|Leerbeek|Oetingen,50.7640,4.1206
1760,Roosdaal,Roosdaal,Roosdaal,Roosdaal|Onze-Lieve-Vrouw-Lombeek|Pamel|Strijtem,50.8333,4.0833
1761,Roosdaal,Roosdaal,Roosdaal,Roosdaal|Borchtlombeek,50.8479,4.1388
1770,Liedekerke,Liedekerke,Liedekerke,Liedekerke,50.8689,4.0874
1780,Wemmel,Wemmel,Wemmel,Wemmel,50.9081,4.3061
1785,Merchtem,Merchtem,Merchtem,Merchtem|Brussegem|Hamme,50.9513,4.2320
1790,Affligem,Affligem,Affligem,Affligem|Essene|Hekelgem|Teralfene,50.9094,4.1116
1800,Vilvoorde,Vilvoorde,Vilvorde,Vilvoorde|Vilvorde|Peutie,50.9281,4.4294
1820,Steenokkerzeel,Steenokkerzeel,Steenokkerzeel,Steenokkerzeel|Melsbroek|Perk,50.9185,4.5099
1830,Machelen,Machelen,Machelen,Machelen,50.9106,4.4417
1831,Machelen,Machelen,Machelen,Machelen|Diegem,50.8973,4.4335
1840,Londerzeel,Londerzeel,Londerzeel,Londerzeel|Malderen|Steenhuffel,51.0047,4.3030
1850,Grimbergen,Grimbergen,Grimbergen,Grimbergen,50.9341,4.3721
1851,Grimbergen,Grimbergen,Grimbergen,Grimbergen|Humbeek,50.9680,4.3796
1852,Grimbergen,Grimbergen,Grimbergen,Grimbergen|Beigem,50.9491,4.3691
1853,Grimbergen,Grimbergen,Grimbergen,Grimbergen|Strombeek-Bever,50.9104,4.3558
1860,Meise,Meise,Meise,Meise,50.9393,4.3266
1861,Meise,Meise,Meise,Meise|Wolvertem,50.9517,4.3096
1880,Kapelle-op-den-Bos,Kapelle-op-den-Bos,Kapelle-op-den-Bos,Kapelle-op-den-Bos|Nieuwenrode|Ramsdonk,51.0097,4.3630
1910,Kampenhout,Kampenhout,Kampenhout,Kampenhout|Berg|Buken|Nederokkerzeel,50.9421,4.5510
1930,Zaventem,Zaventem,Zaventem,Zaventem|Nossegem,50.8837,4.4730
1932,Zaventem,Zaventem,Zaventem,Zaventem|Sint-Stevens-Woluwe,50.8684,4.4520
1933,Zaventem,Zaventem,Zaventem,Zaventem|Sterrebeek,50.8617,4.4938
1950,Kraainem,Kraainem,Kraainem,Kraainem,50.8616,4.4695
1970,Wezembeek-Oppem,Wezembeek-Oppem,Wezembeek-Oppem,Wezembeek-Oppem,50.8395,4.4943
1980,Zemst,Zemst,Zemst,Zemst|Eppegem,50.9832,4.4608
1981,Zemst,Zemst,Zemst,Zemst|Hofstade,50.9913,4.4923
1982,Zemst,Zemst,Zemst,Zemst|Elewijt|Weerde,50.9735,4.4749
2000,Antwerpen,Antwerpen,Anvers,Antwerpen|Anvers,51.2199,4.4035
2018,Antwerpen,Antwerpen,Anvers,Antwerpen|Anvers,51.2199,4.4035
2020,Antwerpen,Antwerpen,Anvers,Antwerpen|Anvers,51.2199,4.4035
2030,Antwerpen,Antwerpen,Anvers,Antwerpen|Anvers,51.2199,4.4035
2040,Antwerpen,Antwerpen,Anvers,Antwerpen|Anvers|Berendrecht|Lillo|Zandvliet,51.2199,4.4035
2050,Antwerpen,Antwerpen,Anvers,Antwerpen|Anvers,51.2199,4.4035
2060,Antwerpen,Antwerpen,Anvers,Antwerpen|Anvers,51.2199,4.4035
2070,Beveren-Kruibeke-Zwijndrecht,Beveren-Kruibeke-Zwijndrecht,Beveren-Kruibeke-Zwijndrecht,Beveren-Kruibeke-Zwijndrecht|Burcht|Zwijndrecht,51.2198,4.3266
2100,Antwerpen,Antwerpen,Anvers,Antwerpen|Anvers|Deurne,51.2213,4.4659
2110,Wijnegem,Wijnegem,Wijnegem,Wijnegem,51.2279,4.5189
2140,Antwerpen,Antwerpen,Anvers,Antwerpen|Anvers|Borgerhout,51.2096,4.4354
2150,Antwerpen,Antwerpen,Anvers,Antwerpen|Anvers|Borsbeek,51.1966,4.4854
2160,Wommelgem,Wommelgem,Wommelgem,Wommelgem,51.2045,4.5225
2170,Antwerpen,Antwerpen,Anvers,Antwerpen|Anvers|Merksem,51.2462,4.4490
2180,Antwerpen,Antwerpen,Anvers,Antwerpen|Anvers|Ekeren,51.2809,4.4181
2200,Herentals,Herentals,Herentals,Herentals|Morkhoven|Noorderwijk,51.1766,4.8325
2220,Heist-op-den-Berg,Heist-op-den-Berg,Heist-op-den-Berg,Heist-op-den-Berg|Hallaar,51.0754,4.7283
2221,Heist-op-den-Berg,Heist-op-den-Berg,Heist-op-den-Berg,Heist-op-den-Berg|Booischot,51.0522,4.7751
2222,Heist-op-den-Berg,Heist-op-den-Berg,Heist-op-den-Berg,Heist-op-den-Berg|Itegem|Wiekevorst,51.1080,4.7924
2223,Heist-op-den-Berg,Heist-op-den-Berg,Heist-op-den-Berg,Heist-op-den-Berg|Schriek,51.0284,4.6936
2230,Herselt,Herselt,Herselt,Herselt|Ramsel,51.0516,4.8823
2235,Hulshout,Hulshout,Hulshout,Hulshout|Houtvenne|Westmeerbeek,51.0745,4.7908
2240,Zandhoven,Zandhoven,Zandhoven,Zandhoven|Massenhoven|Viersel,51.2149,4.6616
2242,Zandhoven,Zandhoven,Zandhoven,Zandhoven|Pulderbos,51.2171,4.6936
2243,Zandhoven,Zandhoven,Zandhoven,Zandhoven|Pulle,51.2032,4.7143
2250,Olen,Olen,Olen,Olen,51.1439,4.8598
2260,Westerlo,Westerlo,Westerlo,Westerlo|Oevel|Tongerlo|Zoerle-Parwijs,51.0905,4.9154
2270,Herenthout,Herenthout,Herenthout,Herenthout,51.1401,4.7557
2275,Lille,Lille,Lille,Lille|Gierle|Poederlee|Wechelderzande,51.2420,4.8231
2280,Grobbendonk,Grobbendonk,Grobbendonk,Grobbendonk,51.1904,4.7356
2288,Grobbendonk,Grobbendonk,Grobbendonk,Grobbendonk|Bouwel,51.1729,4.7418
2290,Vorselaar,Vorselaar,Vorselaar,Vorselaar,51.2024,4.7726
2300,Turnhout,Turnhout,Turnhout,Turnhout,51.3225,4.9447
2310,Rijkevorsel,Rijkevorsel,Rijkevorsel,Rijkevorsel,51.3480,4.7605
2320,Hoogstraten,Hoogstraten,Hoogstraten,Hoogstraten,51.4003,4.7603
2321,Hoogstraten,Hoogstraten,Hoogstraten,Hoogstraten|Meer,51.4220,4.7803
2322,Hoogstraten,Hoogstraten,Hoogstraten,Hoogstraten|Minderhout,51.4171,4.7629
2323,Hoogstraten,Hoogstraten,Hoogstraten,Hoogstraten|Wortel,51.3983,4.7946
2328,Hoogstraten,Hoogstraten,Hoogstraten,Hoogstraten|Meerle,51.4723,4.8032
2330,Merksplas,Merksplas,Merksplas,Merksplas,51.3585,4.8651
2340,Beerse,Beerse,Beerse,Beerse|Vlimmeren,51.3193,4.8530
2350,Vosselaar,Vosselaar,Vosselaar,Vosselaar,51.3086,4.8896
2360,Oud-Turnhout,Oud-Turnhout,Oud-Turnhout,Oud-Turnhout,51.3198,4.9841
2370,Arendonk,Arendonk,Arendonk,Arendonk,51.3227,5.0829
2380,Ravels,Ravels,Ravels,Ravels,51.3727,4.9921
2381,Ravels,Ravels,Ravels,Ravels|Weelde,51.4078,4.9925
2382,Ravels,Ravels,Ravels,Ravels|Poppel,51.4457,5.0433
2387,Baarle-Hertog,Baarle-Hertog,Baerle-Duc,Baarle-Hertog|Baerle-Duc,51.4050,4.8923
2390,Malle,Malle,Malle,Malle|Oostmalle|Westmalle,51.2992,4.7109
2400,Mol,Mol,Mol,Mol,51.1919,5.1166
2430,Laakdal,Laakdal,Laakdal,Laakdal|Eindhout|Vorst,51.0807,5.0056
2431,Laakdal,Laakdal,Laakdal,Laakdal|Varendonk|Veerle,51.0841,4.9514
2440,Geel,Geel,Geel,Geel,51.1656,4.9892
2450,Meerhout,Meerhout,Meerhout,Meerhout,51.1321,5.0784
2460,Kasterlee,Kasterlee,Kasterlee,Kasterlee|Lichtaart|Tielen,51.2412,4.9665
2470,Retie,Retie,Retie,Retie,51.2665,5.0824
2480,Dessel,Dessel,Dessel,Dessel,51.2385,5.1145
2490,Balen,Balen,Balen,Balen,51.1684,5.1703
2491,Balen,Balen,Balen,Balen|Olmen,51.1423,5.1500
2500,Lier,Lier,Lierre,Lier|Lierre|Koningshooikt,51.1313,4.5704
2520,Ranst,Ranst,Ranst,Ranst|Broechem|Emblem|Oelegem,51.1898,4.5653
2530,Boechout,Boechout,Boechout,Boechout,51.1596,4.4919
2531,Boechout,Boechout,Boechout,Boechout|Vremde,51.1753,4.5232
2540,Hove,Hove,Hove,Hove,51.1545,4.4707
2547,Lint,Lint,Lint,Lint,51.1271,4.4967
2550,Kontich,Kontich,Kontich,Kontich|Waarloos,51.1321,4.4471
2560,Nijlen,Nijlen,Nijlen,Nijlen|Bevel|Kessel,51.1610,4.6701
2570,Duffel,Duffel,Duffel,Duffel,51.0955,4.5090
2580,Putte,Putte,Putte,Putte|Beerzel,51.0534,4.6326
2590,Berlaar,Berlaar,Berlaar,Berlaar|Gestel,51.1176,4.6584
2600,Antwerpen,Antwerpen,Anvers,Antwerpen|Anvers|Berchem,51.1902,4.4326
2610,Antwerpen,Antwerpen,Anvers,Antwerpen|Anvers|Wilrijk,51.1673,4.3951
2620,Hemiksem,Hemiksem,Hemiksem,Hemiksem,51.1448,4.3387
2627,Schelle,Schelle,Schelle,Schelle,51.1262,4.3411
2630,Aartselaar,Aartselaar,Aartselaar,Aartselaar,51.1341,4.3868
2640,Mortsel,Mortsel,Mortsel,Mortsel,51.1670,4.4513
2650,Edegem,Edegem,Edegem,Edegem,51.1566,4.4450
2660,Antwerpen,Antwerpen,Anvers,Antwerpen|Anvers|Hoboken,51.1761,4.3484
2800,Mechelen,Mechelen,Malines,Mechelen|Malines|Walem,51.0257,4.4776
2801,Mechelen,Mechelen,Malines,Mechelen|Malines|Heffen,51.0472,4.4160
2811,Mechelen,Mechelen,Malines,Mechelen|Malines|Hombeek|Leest,51.0332,4.4153
2812,Mechelen,Mechelen,Malines,Mechelen|Malines|Muizen,51.0111,4.5143
2820,Bonheiden,Bonheiden,Bonheiden,Bonheiden|Rijmenam,51.0226,4.5471
2830,Willebroek,Willebroek,Willebroek,Willebroek|Blaasveld|Heindonk|Tisselt,51.0604,4.3602
2840,Rumst,Rumst,Rumst,Rumst|Reet|Terhagen,51.0815,4.4222
2845,Niel,Niel,Niel,Niel,51.1110,4.3343
2850,Boom,Boom,Boom,Boom,51.0924,4.3717
2860,Sint-Katelijne-Waver,Sint-Katelijne-Waver,Sint-Katelijne-Waver,Sint-Katelijne-Waver,51.0669,4.5347
2861,Sint-Katelijne-Waver,Sint-Katelijne-Waver,Sint-Katelijne-Waver,Sint-Katelijne-Waver|Onze-Lieve-Vrouw-Waver,51.0627,4.5794
2870,Puurs-Sint-Amands,Puurs-Sint-Amands,Puurs-Sint-Amands,Puurs-Sint-Amands|Breendonk|Liezele|Puurs|Ruisbroek,51.0663,4.3059
2880,Bornem,Bornem,Bornem,Bornem|Hingene|Mariekerke|Weert,51.0972,4.2436
2890,Puurs-Sint-Amands,Puurs-Sint-Amands,Puurs-Sint-Amands,Puurs-Sint-Amands|Lippelo|Oppuurs|Sint-Amands,51.0426,4.2590
2900,Schoten,Schoten,Schoten,Schoten,51.2525,4.5027
2910,Essen,Essen,Essen,Essen,51.4679,4.4690
2920,Kalmthout,Kalmthout,Kalmthout,Kalmthout,51.3844,4.4756
2930,Brasschaat,Brasschaat,Brasschaat,Brasschaat,51.2912,4.4918
2940,Stabroek,Stabroek,Stabroek,Stabroek|Hoevenen,51.3319,4.3713
2950,Kapellen,Kapellen,Kapellen,Kapellen,51.3138,4.4354
2960,Brecht,Brecht,Brecht,Brecht|Sint-Job-in-'t-Goor|Sint-Lenaarts,51.3502,4.6383
2970,Schilde,Schilde,Schilde,Schilde|'s Gravenwezel,51.2411,4.5834
2980,Zoersel,Zoersel,Zoersel,Zoersel|Halle,51.2683,4.7130
2990,Wuustwezel,Wuustwezel,Wuustwezel,Wuustwezel|Loenhout,51.3921,4.5955
3000,Leuven,Leuven,Louvain,Leuven|Louvain,50.8796,4.7009
3001,Leuven,Leuven,Louvain,Leuven|Louvain|Heverlee,50.8643,4.6960
3010,Leuven,Leuven,Louvain,Leuven|Louvain|Kessel-Lo|Kessel Lo,50.8855,4.7372
3012,Leuven,Leuven,Louvain,Leuven|Louvain|Wilsele,50.8919,4.6977
3018,Leuven,Leuven,Louvain,Leuven|Louvain|Wijgmaal,50.9267,4.7021
3020,Herent,Herent,Herent,Herent|Veltem-Beisem|Winksele,50.9086,4.6706
3040,Huldenberg,Huldenberg,Huldenberg,Huldenberg|Loonbeek|Neerijse|Ottenburg|Sint-Agatha-Rode,50.7894,4.5831
3050,Oud-Heverlee,Oud-Heverlee,Oud-Heverlee,Oud-Heverlee,50.8352,4.6642
3051,Oud-Heverlee,Oud-Heverlee,Oud-Heverlee,Oud-Heverlee|Sint-Joris-Weert,50.8023,4.6526
3052,Oud-Heverlee,Oud-Heverlee,Oud-Heverlee,Oud-Heverlee|Blanden,50.8262,4.7102
3053,Oud-Heverlee,Oud-Heverlee,Oud-Heverlee,Oud-Heverlee|Haasrode,50.8317,4.7295
3054,Oud-Heverlee,Oud-Heverlee,Oud-Heverlee,Oud-Heverlee|Vaalbeek,50.8262,4.6898
3060,Bertem,Bertem,Bertem,Bertem|Korbeek-Dijle,50.8640,4.6292
3061,Bertem,Bertem,Bertem,Bertem|Leefdaal,50.8476,4.5894
3070,Kortenberg,Kortenberg,Kortenberg,Kortenberg,50.8898,4.5435
3071,Kortenberg,Kortenberg,Kortenberg,Kortenberg|Erps-Kwerps,50.9012,4.5598
3078,Kortenberg,Kortenberg,Kortenberg,Kortenberg|Everberg|Meerbeek,50.8821,4.5897
3080,Tervuren,Tervuren,Tervuren,Tervuren|Duisburg|Vossem,50.8237,4.5142
3090,Overijse,Overijse,Overijse,Overijse,50.7744,4.5346
3110,Rotselaar,Rotselaar,Rotselaar,Rotselaar,50.9530,4.7167
3111,Rotselaar,Rotselaar,Rotselaar,Rotselaar|Wezemaal,50.9485,4.7554
3118,Rotselaar,Rotselaar,Rotselaar,Rotselaar|Werchter,50.9731,4.7012
3120,Tremelo,Tremelo,Tremelo,Tremelo,50.9923,4.7081
3128,Tremelo,Tremelo,Tremelo,Tremelo|Baal,50.9955,4.7532
3130,Begijnendijk,Begijnendijk,Begijnendijk,Begijnendijk|Betekom,51.0194,4.7838
3140,Keerbergen,Keerbergen,Keerbergen,Keerbergen,51.0030,4.6343
3150,Haacht,Haacht,Haacht,Haacht|Tildonk|Wespelaar,50.9774,4.6378
3190,Boortmeerbeek,Boortmeerbeek,Boortmeerbeek,Boortmeerbeek,50.9793,4.5744
3191,Boortmeerbeek,Boortmeerbeek,Boortmeerbeek,Boortmeerbeek|Hever,50.9954,4.5513
3200,Aarschot,Aarschot,Aarschot,Aarschot|Gelrode,50.9871,4.8369
3201,Aarschot,Aarschot,Aarschot,Aarschot|Langdorp,50.9956,4.8717
3202,Aarschot,Aarschot,Aarschot,Aarschot|Rillaar,50.9738,4.8918
3210,Lubbeek,Lubbeek,Lubbeek,Lubbeek|Linden,50.8828,4.8390
3211,Lubbeek,Lubbeek,Lubbeek,Lubbeek|Binkom,50.8716,4.8841
3212,Lubbeek,Lubbeek,Lubbeek,Lubbeek|Pellenberg,50.8724,4.7939
3220,Holsbeek,Holsbeek,Holsbeek,Holsbeek|Kortrijk-Dutsel|Sint-Pieters-Rode,50.9210,4.7575
3221,Holsbeek,Holsbeek,Holsbeek,Holsbeek|Nieuwrode,50.9500,4.8333
3270,Scherpenheuvel-Zichem,Scherpenheuvel-Zichem,Montaigu-Zichem,Scherpenheuvel-Zichem|Montaigu-Zichem|Scherpenheuvel,51.0104,4.9749
3271,Scherpenheuvel-Zichem,Scherpenheuvel-Zichem,Montaigu-Zichem,Scherpenheuvel-Zichem|Montaigu-Zichem|Averbode|Zichem,51.0289,4.9807
3272,Scherpenheuvel-Zichem,Scherpenheuvel-Zichem,Montaigu-Zichem,Scherpenheuvel-Zichem|Montaigu-Zichem|Messelbroek|Testelt,50.9955,4.9366
3290,Diest,Diest,Diest,Diest|Deurne|Schaffen|Webbekom,50.9892,5.0506
3293,Diest,Diest,Diest,Diest|Kaggevinne,50.9804,5.0189
3294,Diest,Diest,Diest,Diest|Molenstede,51.0040,5.0130
3300,Tienen,Tienen,Tirlemont,Tienen|Tirlemont|Bost|Goetsenhoven|Hakendover|Kumtich|Oorbeek|Oplinter|Sint-Margriete-Houtem|Vissenaken,50.8074,4.9378
3320,Hoegaarden,Hoegaarden,Hoegaarden,Hoegaarden|Meldert,50.7756,4.8895
3321,Hoegaarden,Hoegaarden,Hoegaarden,Hoegaarden|Outgaarden,50.7667,4.9193
3350,Linter,Linter,Linter,Linter|Drieslinter|Melkwezer|Neerhespen|Neerlinter|Orsmaal-Gussenhoven|Overhespen|Wommersom,50.8416,5.0366
3360,Bierbeek,Bierbeek,Bierbeek,Bierbeek|Korbeek-Lo|Lovenjoel|Opvelp,50.8288,4.7595
3370,Boutersem,Boutersem,Boutersem,Boutersem|Kerkom|Neervelp|Roosbeek|Vertrijk|Willebringen,50.8351,4.8345
3380,Glabbeek,Glabbeek,Glabbeek,Glabbeek|Bunsbeek,50.8727,4.9562
3381,Glabbeek,Glabbeek,Glabbeek,Glabbeek|Kapellen,50.8859,4.9517
3384,Glabbeek,Glabbeek,Glabbeek,Glabbeek|Attenrode,50.8778,4.9244
3390,Tielt-Winge,Tielt-Winge,Tielt-Winge,Tielt-Winge|Houwaart|Sint-Joris-Winge|Tielt,50.9174,4.8837
3391,Tielt-Winge,Tielt-Winge,Tielt-Winge,Tielt-Winge|Meensel-Kiezegem,50.8962,4.9250
3400,Landen,Landen,Landen,Landen|Eliksem|Ezemaal|Laar|Neerwinden|Overwinden|Rumsdorp|Wange,50.7527,5.0820
3401,Landen,Landen,Landen,Landen|Waasmont|Walsbets|Walshoutem|Wezeren,50.7376,5.0841
3404,Landen,Landen,Landen,Landen|Attenhoven|Neerlanden,50.7780,5.0782
3440,Zoutleeuw,Zoutleeuw,Léau,Zoutleeuw|Léau|Budingen|Dormaal|Halle-Booienhoven|Helen-Bos,50.8332,5.1038
3450,Geetbets,Geetbets,Geetbets,Geetbets|Grazen,50.8943,5.1120
3454,Geetbets,Geetbets,Geetbets,Geetbets|Rummen,50.8891,5.1652
3460,Bekkevoort,Bekkevoort,Bekkevoort,Bekkevoort|Assent,50.9407,4.9690
3461,Bekkevoort,Bekkevoort,Bekkevoort,Bekkevoort|Molenbeek-Wersbeek,50.9195,4.9476
3470,Kortenaken,Kortenaken,Kortenaken,Kortenaken|Ransberg|Sint-Margriete-Houtem,50.9086,5.0597
3471,Kortenaken,Kortenaken,Kortenaken,Kortenaken|Hoeleden,50.8666,4.9854
3472,Kortenaken,Kortenaken,Kortenaken,Kortenaken|Kersbeek-Miskom,50.8854,4.9958
3473,Kortenaken,Kortenaken,Kortenaken,Kortenaken|Waanrode,50.9162,5.0048
3500,Hasselt,Hasselt,Hasselt,Hasselt|Sint-Lambrechts-Herk,50.9311,5.3378
3501,Hasselt,Hasselt,Hasselt,Hasselt|Wimmertingen,50.8833,5.3500
3510,Hasselt,Hasselt,Hasselt,Hasselt|Kermt|Spalbeek,50.9492,5.2239
3511,Hasselt,Hasselt,Hasselt,Hasselt|Kuringen|Stokrooie,50.9664,5.2814
3512,Hasselt,Hasselt,Hasselt,Hasselt|Stevoort,50.9186,5.2533
3520,Zonhoven,Zonhoven,Zonhoven,Zonhoven,50.9906,5.3682
3530,Houthalen-Helchteren,Houthalen-Helchteren,Houthalen-Helchteren,Houthalen-Helchteren|Helchteren|Houthalen,51.0322,5.3785
3540,Herk-de-Stad,Herk-de-Stad,Herck-la-Ville,Herk-de-Stad|Herck-la-Ville|Berbroek|Donk|Schulen,50.9401,5.1664
3545,Halen,Halen,Halen,Halen|Loksbergen|Zelem,50.9484,5.1110
3550,Heusden-Zolder,Heusden-Zolder,Heusden-Zolder,Heusden-Zolder|Heusden|Zolder,51.0373,5.2965
3560,Lummen,Lummen,Lummen,Lummen|Linkhout|Meldert,50.9877,5.1912
3570,Alken,Alken,Alken,Alken,50.8755,5.3056
3580,Beringen,Beringen,Beringen,Beringen,51.0495,5.2261
3581,Beringen,Beringen,Beringen,Beringen|Beverlo,51.0865,5.2185
3582,Beringen,Beringen,Beringen,Beringen|Koersel,51.0591,5.2712
3583,Beringen,Beringen,Beringen,Beringen|Paal,51.0399,5.1723
3590,Diepenbeek,Diepenbeek,Diepenbeek,Diepenbeek,50.9077,5.4187
3600,Genk,Genk,Genk,Genk,50.9650,5.5008
3620,Lanaken,Lanaken,Lanaken,Lanaken|Gellik|Neerharen|Veldwezelt,50.8932,5.6468
3621,Lanaken,Lanaken,Lanaken,Lanaken|Rekem,50.9224,5.6938
3630,Maasmechelen,Maasmechelen,Maasmechelen,Maasmechelen|Eisden|Leut|Mechelen-aan-de-Maas|Meeswijk|Opgrimbie|Vucht,50.9655,5.6945
3631,Maasmechelen,Maasmechelen,Maasmechelen,Maasmechelen|Boorsem|Uikhoven,50.9421,5.7190
3640,Kinrooi,Kinrooi,Kinrooi,Kinrooi|Kessenich|Molenbeersel|Ophoven,51.1454,5.7421
3650,Dilsen-Stokkem,Dilsen-Stokkem,Dilsen-Stokkem,Dilsen-Stokkem|Dilsen|Elen|Lanklaar|Rotem|Stokkem,51.0305,5.7347
3660,Oudsbergen,Oudsbergen,Oudsbergen,Oudsbergen|Opglabbeek,51.1394,5.5154
3665,As,As,As,As,51.0075,5.5845
3668,As,As,As,As|Niel-bij-As,51.0185,5.6053
3670,Oudsbergen,Oudsbergen,Oudsbergen,Oudsbergen|Ellikom|Gruitrode|Meeuwen|Neerglabbeek|Wijshagen,51.1020,5.5614
3680,Maaseik,Maaseik,Maaseik,Maaseik|Neeroeteren|Opoeteren,51.0980,5.7838
3690,Zutendaal,Zutendaal,Zutendaal,Zutendaal,50.9331,5.5753
3700,Tongeren-Borgloon,Tongeren-Borgloon,Tongeren-Borgloon,Tongeren-Borgloon|Berg|Diets-Heur|Haren|Henis|Kolmont|Koninksem|Lauw|Mal|Neerrepen|Nerem|Overrepen|Piringen|Riksingen|Rutten|'s Herenelderen|Sluizen|Tongeren|Vreren|Widooie,50.8109,5.4445
3717,Herstappe,Herstappe,Herstappe,Herstappe,50.7261,5.4266
3720,Hasselt,Hasselt,Hasselt,Hasselt|Kortessem,50.8589,5.3897
3721,Hasselt,Hasselt,Hasselt,Hasselt|Vliermaalroot,50.8651,5.4262
3722,Hasselt,Hasselt,Hasselt,Hasselt|Wintershoven,50.8516,5.4196
3723,Hasselt,Hasselt,Hasselt,Hasselt|Guigoven,50.8392,5.4004
3724,Hasselt,Hasselt,Hasselt,Hasselt|Vliermaal,50.8407,5.4286
3730,Bilzen-Hoeselt,Bilzen-Hoeselt,Bilzen-Hoeselt,Bilzen-Hoeselt|Hoeselt|Romershoven|Sint-Huibrechts-Hern|Werm,50.8471,5.4877
3732,Bilzen-Hoeselt,Bilzen-Hoeselt,Bilzen-Hoeselt,Bilzen-Hoeselt|Schalkhoven,50.8413,5.4495
3740,Bilzen-Hoeselt,Bilzen-Hoeselt,Bilzen-Hoeselt,Bilzen-Hoeselt|Beverst|Bilzen|Eigenbilzen|Grote-Spouwen|Hees|Kleine-Spouwen|Mopertingen|Munsterbilzen|Rijkhoven|Rosmeer|Waltwilder,50.8894,5.5265
3742,Bilzen-Hoeselt,Bilzen-Hoeselt,Bilzen-Hoeselt,Bilzen-Hoeselt|Martenslinde,50.8560,5.5338
3746,Bilzen-Hoeselt,Bilzen-Hoeselt,Bilzen-Hoeselt,Bilzen-Hoeselt|Hoelbeek,50.8721,5.5591
3770,Riemst,Riemst,Riemst,Riemst|Genoelselderen|Herderen|Kanne|Membruggen|Millen|Val-Meer|Vlijtingen|Vroenhoven|Zichen-Zussen-Bolder,50.8099,5.6013
3790,Voeren,Voeren,Fourons,Voeren|Fourons|Moelingen|Sint-Martens-Voeren|Mouland|Fouron-Saint-Martin,50.7505,5.7832
3791,Voeren,Voeren,Fourons,Voeren|Fourons|Remersdaal,50.7314,5.8806
3792,Voeren,Voeren,Fourons,Voeren|Fourons|Sint-Pieters-Voeren|Fouron-Saint-Pierre,50.7386,5.8222
3793,Voeren,Voeren,Fourons,Voeren|Fourons|Teuven,50.7518,5.8757
3798,Voeren,Voeren,Fourons,Voeren|Fourons|'s-Gravenvoeren|Fouron-Le-Comte,50.7587,5.7611
3800,Sint-Truiden,Sint-Truiden,Saint-Trond,Sint-Truiden|Saint-Trond|Aalst|Brustem|Engelmanshoven|Gelinden|Groot-Gelmen|Halmaal|Kerkom-bij-Sint-Truiden|Ordingen|Zepperen,50.8168,5.1865
3803,Sint-Truiden,Sint-Truiden,Saint-Trond,Sint-Truiden|Saint-Trond|Duras|Gorsem|Runkelen|Wilderen,50.8345,5.1457
3806,Sint-Truiden,Sint-Truiden,Saint-Trond,Sint-Truiden|Saint-Trond|Velm,50.7787,5.1310
3830,Wellen,Wellen,Wellen,Wellen|Berlingen,50.8410,5.3387
3831,Wellen,Wellen,Wellen,Wellen|Herten,50.8351,5.3221
3832,Wellen,Wellen,Wellen,Wellen|Ulbeek,50.8437,5.3050
3840,Tongeren-Borgloon,Tongeren-Borgloon,Tongeren-Borgloon,Tongeren-Borgloon|Bommershoven|Borgloon|Broekom|Gors-Opleeuw|Gotem|Groot-Loon|Haren|Hendrieken|Hoepertingen|Jesseren|Kerniel|Kolmont|Kuttekoven|Rijkel|Voort,50.8094,5.2614
3850,Nieuwerkerken,Nieuwerkerken,Nieuwerkerken,Nieuwerkerken|Binderveld|Kozen|Wijer,50.8638,5.1947
3870,Heers,Heers,Heers,Heers|Batsheers|Bovelingen|Gutshoven|Heks|Horpmaal|Klein-Gelmen|Mechelen-Bovelingen|Mettekoven|Opheers|Rukkelingen-Loon|Vechmaal|Veulen,50.7538,5.3021
3890,Gingelom,Gingelom,Gingelom,Gingelom|Boekhout|Jeuk|Kortijs|Montenaken|Niel-bij-Sint-Truiden|Vorsen,50.7479,5.1342
3891,Gingelom,Gingelom,Gingelom,Gingelom|Borlo|Buvingen|Mielen-boven-Aalst|Muizen,50.7604,5.1793
3900,Pelt,Pelt,Pelt,Pelt|Overpelt,51.2104,5.4156
3910,Pelt,Pelt,Pelt,Pelt|Neerpelt|Sint-Huibrechts-Lille,51.2281,5.4427
3920,Lommel,Lommel,Lommel,Lommel,51.2307,5.3135
3930,Hamont-Achel,Hamont-Achel,Hamont-Achel,Hamont-Achel|Achel|Hamont,51.2497,5.5055
3940,Hechtel-Eksel,Hechtel-Eksel,Hechtel-Eksel,Hechtel-Eksel|Hechtel,51.1417,5.3761
3941,Hechtel-Eksel,Hechtel-Eksel,Hechtel-Eksel,Hechtel-Eksel|Eksel,51.1518,5.3906
3945,Tessenderlo-Ham,Tessenderlo-Ham,Tessenderlo-Ham,Tessenderlo-Ham|Kwaadmechelen|Oostham|Ham,51.1010,5.1448
3950,Bocholt,Bocholt,Bocholt,Bocholt|Kaulille|Reppel,51.1734,5.5799
3960,Bree,Bree,Bree,Bree|Beek|Gerdingen|Opitter|Tongerlo,51.1415,5.5969
3970,Leopoldsburg,Leopoldsburg,Bourg-Léopold,Leopoldsburg|Bourg-Léopold,51.1167,5.2500
3971,Leopoldsburg,Leopoldsburg,Bourg-Léopold,Leopoldsburg|Bourg-Léopold|Heppen,51.1093,5.2290
3980,Tessenderlo-Ham,Tessenderlo-Ham,Tessenderlo-Ham,Tessenderlo-Ham|Tessenderlo,51.0651,5.0886
3990,Peer,Peer,Peer,Peer|Grote-Brogel|Kleine-Brogel|Wijchmaal,51.1303,5.4595
4000,Liège,Luik,Liège,Luik|Liège|Glain|Rocourt,50.6337,5.5675
4020,Liège,Luik,Liège,Luik|Liège|Bressoux|Jupille-sur-Meuse|Wandre,50.6337,5.5675
4030,Luik,Luik,Liège,Luik|Liège|Grivegnée,50.6215,5.6110
4031,Luik,Luik,Liège,Luik|Liège|Angleur,50.6113,5.5994
4032,Luik,Luik,Liège,Luik|Liège|Chênée,50.6120,5.6141
4040,Herstal,Herstal,Herstal,Herstal,50.6642,5.6235
4041,Herstal,Herstal,Herstal,Herstal|Milmort|Vottem,50.6904,5.5932
4042,Herstal,Herstal,Herstal,Herstal|Liers,50.6940,5.5646
4050,Chaudfontaine,Chaudfontaine,Chaudfontaine,Chaudfontaine,50.5828,5.6341
4051,Chaudfontaine,Chaudfontaine,Chaudfontaine,Chaudfontaine|Vaux-sous-Chèvremont,50.6030,5.6335
4052,Chaudfontaine,Chaudfontaine,Chaudfontaine,Chaudfontaine|Beaufays,50.5588,5.6388
4053,Chaudfontaine,Chaudfontaine,Chaudfontaine,Chaudfontaine|Embourg,50.5904,5.6068
4100,Seraing,Seraing,Seraing,Seraing|Boncelles,50.5836,5.5011
4101,Seraing,Seraing,Seraing,Seraing|Jemeppe-sur-Meuse,50.6170,5.4985
4102,Seraing,Seraing,Seraing,Seraing|Ougrée,50.6015,5.5444
4120,Neupré,Neupré,Neupré,Neupré|Ehein|Rotheux-Rimière,50.5439,5.4801
4121,Neupré,Neupré,Neupré,Neupré|Neuville-en-Condroz,50.5529,5.4508
4122,Neupré,Neupré,Neupré,Neupré|Plainevaux,50.5456,5.5233
4130,Esneux,Esneux,Esneux,Esneux|Tilff,50.5360,5.5678
4140,Sprimont,Sprimont,Sprimont,Sprimont|Dolembreux|Gomzé-Andoumont|Rouvreux,50.5092,5.6595
4141,Sprimont,Sprimont,Sprimont,Sprimont|Louveigné,50.5320,5.7084
4160,Anthisnes,Anthisnes,Anthisnes,Anthisnes,50.4832,5.5190
4161,Anthisnes,Anthisnes,Anthisnes,Anthisnes|Villers-aux-Tours,50.4983,5.5163
4162,Anthisnes,Anthisnes,Anthisnes,Anthisnes|Hody,50.4864,5.5029
4163,Anthisnes,Anthisnes,Anthisnes,Anthisnes|Tavier,50.4963,5.4706
4170,Comblain-au-Pont,Comblain-au-Pont,Comblain-au-Pont,Comblain-au-Pont,50.4749,5.5771
4171,Comblain-au-Pont,Comblain-au-Pont,Comblain-au-Pont,Comblain-au-Pont|Poulseur,50.5091,5.5786
4180,Hamoir,Hamoir,Hamoir,Hamoir|Comblain-Fairon|Comblain-la-Tour,50.4267,5.5330
4181,Hamoir,Hamoir,Hamoir,Hamoir|Filot,50.4254,5.5674
4190,Ferrières,Ferrières,Ferrières,Ferrières|My|Vieuxville|Werbomont|Xhoris,50.4016,5.6109
4210,Burdinne,Burdinne,Burdinne,Burdinne|Hannêche|Lamontzée|Marneffe|Oteppe,50.5845,5.0766
4217,Héron,Héron,Héron,Héron|Lavoir|Waret-l'Évêque,50.5473,5.0977
4218,Héron,Héron,Héron,Héron|Couthuin,50.5316,5.1232
4219,Wasseiges,Wasseiges,Wasseiges,Wasseiges|Acosse|Ambresin|Meeffe,50.6219,5.0053
4250,Geer,Geer,Geer,Geer|Boëlhe|Hollogne-sur-Geer|Lens-Saint-Servais,50.6699,5.1736
4252,Geer,Geer,Geer,Geer|Omal,50.6560,5.1998
4253,Geer,Geer,Geer,Geer|Darion,50.6650,5.1867
4254,Geer,Geer,Geer,Geer|Ligney,50.6618,5.1824
4257,Berloz,Berloz,Berloz,Berloz|Corswarem|Rosoux-Crenwick,50.6983,5.2124
4260,Braives,Braives,Braives,Braives|Avennes|Ciplet|Fallais|Fumal|Ville-en-Hesbaye,50.6174,5.1330
4261,Braives,Braives,Braives,Braives|Latinne,50.6252,5.1646
4263,Braives,Braives,Braives,Braives|Tourinne,50.6389,5.1752
4280,Hannut,Hannuit,Hannut,Hannuit|Hannut|Abolens|Avernas-le-Bauduin|Avin|Bertrée|Blehen|Cras-Avernas|Crehen|Grand-Hallet|Lens-Saint-Remy|Merdorp|Moxhe|Petit-Hallet|Poucet|Thisnes|Trognée|Villers-le-Peuplier|Wansin,50.6714,5.0790
4287,Lincent,Lijsem,Lincent,Lijsem|Lincent|Pellaines|Racour,50.7122,5.0365
4300,Waremme,Borgworm,Waremme,Borgworm|Waremme|Bettincourt|Bleret|Bovenistier|Grand-Axhe|Lantremange|Oleye,50.6976,5.2552
4317,Faimes,Faimes,Faimes,Faimes|Aineffe|Borlez|Celles|Les Waleffes|Viemme,50.6625,5.2600
4340,Awans,Awans,Awans,Awans|Fooz|Othée|Villers-l'Evêque,50.6677,5.4633
4342,Awans,Awans,Awans,Awans|Hognoul,50.6818,5.4539
4347,Fexhe-le-Haut-Clocher,Fexhe-le-Haut-Clocher,Fexhe-le-Haut-Clocher,Fexhe-le-Haut-Clocher|Freloux|Noville|Roloux|Voroux-Goreux,50.6654,5.3998
4350,Remicourt,Remicourt,Remicourt,Remicourt|Lamine|Momalle|Pousset,50.6807,5.3279
4351,Remicourt,Remicourt,Remicourt,Remicourt|Hodeige,50.6963,5.3416
4357,Donceel,Donceel,Donceel,Donceel|Haneffe|Jeneffe|Limont,50.6483,5.3200
4360,Oreye,Oerle,Oreye,Oerle|Oreye|Bergilers|Grandville|Lens-sur-Geer|Otrange,50.7175,5.3488
4367,Crisnée,Crisnée,Crisnée,Crisnée|Fize-Le-Marsal|Kemexhe|Odeur|Thys,50.7170,5.3980
4400,Flémalle,Flémalle,Flémalle,Flémalle|Awirs|Chokier|Flémalle-Grande|Flémalle-Haute|Gleixhe|Ivoz-Ramet|Mons-lez-Liège,50.6022,5.4436
4420,Saint-Nicolas,Saint-Nicolas,Saint-Nicolas,Saint-Nicolas|Montegnée|Tilleur,50.6284,5.5324
4430,Ans,Ans,Ans,Ans,50.6623,5.5203
4431,Ans,Ans,Ans,Ans|Loncin,50.6665,5.5051
4432,Ans,Ans,Ans,Ans|Alleur|Xhendremael,50.7045,5.4798
4450,Juprelle,Juprelle,Juprelle,Juprelle|Lantin|Slins,50.7076,5.5313
4451,Juprelle,Juprelle,Juprelle,Juprelle|Voroux-lez-Liers,50.6875,5.5544
4452,Juprelle,Juprelle,Juprelle,Juprelle|Paifve|Wihogne,50.7292,5.5048
4453,Juprelle,Juprelle,Juprelle,Juprelle|Villers-Saint-Siméon,50.7112,5.5389
4458,Juprelle,Juprelle,Juprelle,Juprelle|Fexhe-Slins,50.7203,5.5697
4460,Grâce-Hollogne,Grâce-Hollogne,Grâce-Hollogne,Grâce-Hollogne|Bierset|Grâce-Berleur|Hollogne-aux-Pierres|Horion-Hozémont|Velroux,50.6345,5.4757
4470,Saint-Georges-sur-Meuse,Saint-Georges-sur-Meuse,Saint-Georges-sur-Meuse,Saint-Georges-sur-Meuse,50.6001,5.3574
4480,Engis,Engis,Engis,Engis|Clermont-sous-Huy|Ehein|Hermalle-sous-Huy,50.5816,5.3992
4500,Huy,Hoei,Huy,Hoei|Huy|Ben-Ahin|Tihange,50.5189,5.2328
4520,Wanze,Wanze,Wanze,Wanze|Antheit|Bas-Oha|Huccorgne|Moha|Vinalmont,50.5391,5.2085
4530,Villers-le-Bouillet,Villers-le-Bouillet,Villers-le-Bouillet,Villers-le-Bouillet|Fize-Fontaine|Vaux-et-Borset|Vieux-Waleffe|Warnant-Dreye,50.5771,5.2594
4537,Verlaine,Verlaine,Verlaine,Verlaine|Bodegnée|Chapon-Seraing|Seraing-le-Château,50.6074,5.3174
4540,Amay,Amay,Amay,Amay|Ampsin|Flône|Jehay|Ombret,50.5483,5.3097
4550,Nandrin,Nandrin,Nandrin,Nandrin|Saint-Séverin|Villers-le-Temple|Yernée-Fraineux,50.5067,5.4191
4557,Tinlot,Tinlot,Tinlot,Tinlot|Abée|Fraiture|Ramelot|Seny|Soheit-Tinlot,50.4749,5.3776
4560,Clavier,Clavier,Clavier,Clavier|Bois-et-Borsu|Les Avins|Ocquier|Pailhe|Terwagne,50.4007,5.3515
4570,Marchin,Marchin,Marchin,Marchin|Vyle-et-Tharoul,50.4671,5.2428
4577,Modave,Modave,Modave,Modave|Outrelouxhe|Strée-lez-Huy|Vierset-Barse,50.4461,5.2953
4590,Ouffet,Ouffet,Ouffet,Ouffet|Ellemelle|Warzée,50.4387,5.4657
4600,Visé,Wezet,Visé,Wezet|Visé|Lanaye|Lixhe|Richelle,50.7376,5.6991
4601,Wezet,Wezet,Visé,Wezet|Visé|Argenteau,50.7021,5.6845
4602,Wezet,Wezet,Visé,Wezet|Visé|Cheratte,50.6824,5.6695
4606,Dalhem,Dalhem,Dalhem,Dalhem|Saint-André,50.6954,5.7534
4607,Dalhem,Dalhem,Dalhem,Dalhem|Berneau|Bombaye|Feneur|Mortroux,50.7131,5.7277
4608,Dalhem,Dalhem,Dalhem,Dalhem|Neufchâteau|Warsage,50.7352,5.7688
4610,Beyne-Heusay,Beyne-Heusay,Beyne-Heusay,Beyne-Heusay|Bellaire|Queue-du-Bois,50.6225,5.6651
4620,Fléron,Fléron,Fléron,Fléron,50.6152,5.6806
4621,Fléron,Fléron,Fléron,Fléron|Retinne,50.6308,5.6982
4623,Fléron,Fléron,Fléron,Fléron|Magnée,50.5998,5.6883
4624,Fléron,Fléron,Fléron,Fléron|Romsée,50.6109,5.6646
4630,Soumagne,Soumagne,Soumagne,Soumagne|Ayeneux|Micheroux|Tignée,50.6139,5.7468
4631,Soumagne,Soumagne,Soumagne,Soumagne|Evegnée,50.6422,5.7074
4632,Soumagne,Soumagne,Soumagne,Soumagne|Cérexhe-Heuseux,50.6541,5.7260
4633,Soumagne,Soumagne,Soumagne,Soumagne|Melen,50.6462,5.7359
4650,Herve,Herve,Herve,Herve|Chaineux|Grand-Rechain|Julémont,50.6408,5.7935
4651,Herve,Herve,Herve,Herve|Battice,50.6473,5.8210
4652,Herve,Herve,Herve,Herve|Xhendelesse,50.6049,5.7780
4653,Herve,Herve,Herve,Herve|Bolland,50.6616,5.7604
4654,Herve,Herve,Herve,Herve|Charneux,50.5471,5.9546
4670,Blégny,Blégny,Blégny,Blégny|Mortier|Trembleur,50.6726,5.7251
4671,Blegny,Blegny,Blegny,Blegny|Barchon|Housse|Saive,50.6689,5.7001
4672,Blegny,Blegny,Blegny,Blegny|Saint-Remy,50.6956,5.7041
4680,Oupeye,Oupeye,Oupeye,Oupeye|Hermée,50.7118,5.6468
4681,Oupeye,Oupeye,Oupeye,Oupeye|Hermalle-sous-Argenteau,50.7123,5.6775
4682,Oupeye,Oupeye,Oupeye,Oupeye|Heure-le-Romain|Houtain-Saint-Siméon,50.7403,5.6123
4683,Oupeye,Oupeye,Oupeye,Oupeye|Vivegnis,50.6924,5.6476
4684,Oupeye,Oupeye,Oupeye,Oupeye|Haccourt,50.7309,5.6696
4690,Bassenge,Bitsingen,Bassenge,Bitsingen|Bassenge|Boirs|Eben-Emael|Glons|Roclenge-sur-Geer|Wonck,50.7588,5.6099
4700,Eupen,Eupen,Eupen,Eupen,50.6279,6.0365
4701,Eupen,Eupen,Eupen,Eupen|Kettenis,50.6476,6.0469
4710,Lontzen,Lontzen,Lontzen,Lontzen,50.6813,6.0071
4711,Lontzen,Lontzen,Lontzen,Lontzen|Walhorn,50.6750,6.0461
4720,Kelmis,Kelmis,La Calamine,Kelmis|La Calamine,50.7181,6.0111
4721,Kelmis,Kelmis,La Calamine,Kelmis|La Calamine|Neu-Moresnet,50.7158,6.0212
4728,Kelmis,Kelmis,La Calamine,Kelmis|La Calamine|Hergenrath,50.7091,6.0309
4730,Raeren,Raeren,Raeren,Raeren|Hauset,50.6672,6.1154
4731,Raeren,Raeren,Raeren,Raeren|Eynatten,50.6924,6.0835
4750,Butgenbach,Butgenbach,Butgenbach,Butgenbach|Elsenborn,50.4269,6.2050
4760,Büllingen,Büllingen,Bullange,Büllingen|Bullange|Manderfeld,50.4073,6.2575
4761,Büllingen,Büllingen,Bullange,Büllingen|Bullange|Rocherath,50.4371,6.3005
4770,Amel,Amel,Amblève,Amel|Amblève|Meyerode,50.4643,6.0220
4771,Amel,Amel,Amblève,Amel|Amblève|Heppenbach,50.3626,6.2183
4780,Sankt-Vith,Sankt Vith,Saint-Vith,Sankt Vith|Saint-Vith|Sankt-Vith|Recht,50.2815,6.1272
4782,Sankt Vith,Sankt Vith,Saint-Vith,Sankt Vith|Saint-Vith|Schönberg|Schoenberg,50.2892,6.2650
4783,Sankt Vith,Sankt Vith,Saint-Vith,Sankt Vith|Saint-Vith|Lommersweiler,50.2400,6.1650
4784,Sankt Vith,Sankt Vith,Saint-Vith,Sankt Vith|Saint-Vith|Crombach,50.2600,6.0675
4790,Burg-Reuland,Burg-Reuland,Burg-Reuland,Burg-Reuland|Reuland,50.1957,6.1345
4791,Burg-Reuland,Burg-Reuland,Burg-Reuland,Burg-Reuland|Thommen,50.2192,6.0742
4800,Verviers,Verviers,Verviers,Verviers|Ensival|Lambermont|Petit-Rechain|Polleur,50.5891,5.8624
4801,Verviers,Verviers,Verviers,Verviers|Stembert,50.5911,5.8940
4802,Verviers,Verviers,Verviers,Verviers|Heusy,50.5746,5.8662
4820,Dison,Dison,Dison,Dison,50.6100,5.8534
4821,Dison,Dison,Dison,Dison|Andrimont,50.4392,5.8907
4830,Limbourg,Limburg,Limbourg,Limburg|Limbourg,50.6122,5.9412
4831,Limburg,Limburg,Limbourg,Limburg|Limbourg|Bilstain,50.6221,5.9209
4834,Limburg,Limburg,Limbourg,Limburg|Limbourg|Goé,50.6066,5.9561
4837,Baelen,Baelen,Baelen,Baelen|Membach,50.6313,5.9743
4840,Welkenraedt,Welkenraedt,Welkenraedt,Welkenraedt,50.6605,5.9703
4841,Welkenraedt,Welkenraedt,Welkenraedt,Welkenraedt|Henri-Chapelle,50.6769,5.9301
4845,Jalhay,Jalhay,Jalhay,Jalhay|Sart-lez-Spa,50.5588,5.9676
4850,Plombières,Plombières,Plombières,Plombières|Montzen|Moresnet,50.7366,5.9592
4851,Plombières,Plombières,Plombières,Plombières|Gemmenich|Sippenaeken,50.7461,5.9951
4852,Plombières,Plombières,Plombières,Plombières|Hombourg,50.7226,5.9205
4860,Pepinster,Pepinster,Pepinster,Pepinster|Cornesse|Wegnez,50.5738,5.8049
4861,Pepinster,Pepinster,Pepinster,Pepinster|Soiron,50.5913,5.7909
4870,Trooz,Trooz,Trooz,Trooz|Forêt|Fraipont|Nessonvaux,50.5703,5.6952
4877,Olne,Olne,Olne,Olne,50.5899,5.7466
4880,Aubel,Aubel,Aubel,Aubel,50.7019,5.8581
4890,Thimister-Clermont,Thimister-Clermont,Thimister-Clermont,Thimister-Clermont|Clermont|Thimister,50.6537,5.8643
4900,Spa,Spa,Spa,Spa,50.4838,5.8667
4910,Theux,Theux,Theux,Theux|La Reid|Polleur,50.5332,5.8125
4920,Aywaille,Aywaille,Aywaille,Aywaille|Ernonheid|Harzé|Louveigné|Sougné-Remouchamps,50.4741,5.6768
4950,Weismes,Weismes,Waimes,Weismes|Waimes|Faymonville|Robertville|Sourbrodt,50.4149,6.1121
4960,Malmedy,Malmedy,Malmedy,Malmedy|Bellevaux-Ligneuville|Bevercé,50.4269,6.0279
4970,Stavelot,Stavelot,Stavelot,Stavelot|Francorchamps,50.3950,5.9312
4980,Trois-Ponts,Trois-Ponts,Trois-Ponts,Trois-Ponts|Fosse|Wanne,50.3713,5.8715
4983,Trois-Ponts,Trois-Ponts,Trois-Ponts,Trois-Ponts|Basse-Bodeux,50.3577,5.8277
4987,Stoumont,Stoumont,Stoumont,Stoumont|Chevron|La Gleize|Lorcé|Rahier,50.4067,5.8084
4990,Lierneux,Lierneux,Lierneux,Lierneux|Arbrefontaine|Bra,50.2848,5.7924
5000,Namur,Namen,Namur,Namen|Namur|Beez,50.4669,4.8675
5001,Namen,Namen,Namur,Namen|Namur|Belgrade,50.4714,4.8293
5002,Namen,Namen,Namur,Namen|Namur|Saint-Servais,50.4763,4.8366
5003,Namen,Namen,Namur,Namen|Namur|Saint-Marc,50.4922,4.8475
5004,Namen,Namen,Namur,Namen|Namur|Bouge,50.4719,4.8922
5020,Namen,Namen,Namur,Namen|Namur|Champion|Daussoulx|Flawinne|Malonne|Suarlée|Temploux|Vedrin,50.4953,4.9039
5021,Namen,Namen,Namur,Namen|Namur|Boninne,50.4944,4.9323
5022,Namen,Namen,Namur,Namen|Namur|Cognelée,50.5145,4.9075
5024,Namen,Namen,Namur,Namen|Namur|Gelbressée|Marche-les-Dames,50.4858,4.9597
5030,Gembloux,Gembloux,Gembloux,Gembloux|Beuzet|Ernage|Grand-Manil|Lonzée|Sauvenière,50.5615,4.6989
5031,Gembloux,Gembloux,Gembloux,Gembloux|Grand-Leez,50.5839,4.7751
5032,Gembloux,Gembloux,Gembloux,Gembloux|Bossière|Bothey|Corroy-le-Château|Isnes|Mazy,50.5390,4.6628
5060,Sambreville,Sambreville,Sambreville,Sambreville|Arsimont|Auvelais|Falisolle|Keumiée|Moignelée|Tamines|Velaine-sur-Sambre,50.4344,4.6326
5070,Fosses-la-Ville,Fosses-la-Ville,Fosses-la-Ville,Fosses-la-Ville|Aisemont|Le Roux|Sart-Eustache|Sart-Saint-Laurent|Vitrival,50.3952,4.6962
5080,La Bruyère,La Bruyère,La Bruyère,La Bruyère|Emines|Rhisnes|Villers-lez-Heest|Warisoulx,50.5501,4.7983
5081,La Bruyère,La Bruyère,La Bruyère,La Bruyère|Bovesse|Meux|Saint-Denis-Bovesse,50.5522,4.8010
5100,Namen,Namen,Namur,Namen|Namur|Dave|Jambes|Naninne|Wépion|Wierde,50.4215,4.8640
5101,Namen,Namen,Namur,Namen|Namur|Erpent|Lives-sur-Meuse|Loyers,50.4656,4.9242
5140,Sombreffe,Sombreffe,Sombreffe,Sombreffe|Boignée|Ligny|Tongrinne,50.5287,4.6009
5150,Floreffe,Floreffe,Floreffe,Floreffe|Floriffoux|Franière|Soye,50.4345,4.7596
5170,Profondeville,Profondeville,Profondeville,Profondeville|Arbre|Bois-de-Villers|Lesve|Lustin|Rivière,50.3758,4.8651
5190,Jemeppe-sur-Sambre,Jemeppe-sur-Sambre,Jemeppe-sur-Sambre,Jemeppe-sur-Sambre|Balâtre|Ham-sur-Sambre|Mornimont|Moustier-sur-Sambre|Onoz|Saint-Martin|Spy,50.4654,4.6655
5300,Andenne,Andenne,Andenne,Andenne|Bonneville|Coutisse|Landenne|Maizeret|Namêche|Sclayn|Seilles|Thon|Vezin,50.4894,5.0951
5310,Eghezée,Eghezée,Eghezée,Eghezée|Aische-en-Refail|Bolinne|Boneffe|Branchon|Dhuy|Hanret|Leuze|Liernu|Longchamps|Mehaigne|Noville-sur-Mehaigne|Saint-Germain|Taviers|Upigny|Waret-la-Chaussée,50.5908,4.9117
5330,Assesse,Assesse,Assesse,Assesse|Maillen|Sart-Bernard,50.3693,5.0220
5332,Assesse,Assesse,Assesse,Assesse|Crupet,50.3496,4.9613
5333,Assesse,Assesse,Assesse,Assesse|Sorinne-la-Longue,50.3893,5.0250
5334,Assesse,Assesse,Assesse,Assesse|Florée,50.3748,5.0691
5336,Assesse,Assesse,Assesse,Assesse|Courrière,50.3802,4.9861
5340,Gesves,Gesves,Gesves,Gesves|Faulx-les-Tombes|Haltinne|Mozet|Sorée,50.4015,5.0746
5350,Ohey,Ohey,Ohey,Ohey|Evelette,50.4357,5.1237
5351,Ohey,Ohey,Ohey,Ohey|Haillot,50.4425,5.1541
5352,Ohey,Ohey,Ohey,Ohey|Perwez-Haillot,50.4528,5.1721
5353,Ohey,Ohey,Ohey,Ohey|Goesnes,50.4403,5.2207
5354,Ohey,Ohey,Ohey,Ohey|Jallet,50.4432,5.1836
5360,Hamois,Hamois,Hamois,Hamois|Natoye,50.3402,5.1562
5361,Hamois,Hamois,Hamois,Hamois|Mohiville|Scy,50.3061,5.2070
5362,Hamois,Hamois,Hamois,Hamois|Achet,50.3335,5.1752
5363,Hamois,Hamois,Hamois,Hamois|Emptinne,50.3252,5.1213
5364,Hamois,Hamois,Hamois,Hamois|Schaltin,50.3595,5.1254
5370,Havelange,Havelange,Havelange,Havelange|Barvaux-Condroz|Flostoy|Jeneffe|Porcheresse|Verlée,50.3893,5.2382
5372,Havelange,Havelange,Havelange,Havelange|Méan,50.3631,5.3355
5374,Havelange,Havelange,Havelange,Havelange|Maffe,50.3538,5.3121
5376,Havelange,Havelange,Havelange,Havelange|Miécret,50.3666,5.2516
5377,Somme-Leuze,Somme-Leuze,Somme-Leuze,Somme-Leuze|Baillonville|Bonsin|Heure|Hogne|Nettinne|Noiseux|Sinsin|Waillet,50.3370,5.3671
5380,Fernelmont,Fernelmont,Fernelmont,Fernelmont|Bierwart|Cortil-Wodon|Forville|Franc-Waret|Hemptinne|Hingeon|Marchovelette|Noville-les-Bois|Pontillas|Tillier,50.5534,4.9861
5500,Dinant,Dinant,Dinant,Dinant|Anseremme|Bouvignes-sur-Meuse|Dréhance|Falmagne|Falmignoul|Furfooz,50.2581,4.9117
5501,Dinant,Dinant,Dinant,Dinant|Lisogne,50.2809,4.9708
5502,Dinant,Dinant,Dinant,Dinant|Thynes,50.2799,4.9912
5503,Dinant,Dinant,Dinant,Dinant|Sorinnes,50.2592,4.9813
5504,Dinant,Dinant,Dinant,Dinant|Foy-Notre-Dame,50.2472,4.9899
5520,Onhaye,Onhaye,Onhaye,Onhaye|Anthée,50.2415,4.8407
5521,Onhaye,Onhaye,Onhaye,Onhaye|Serville,50.2503,4.7802
5522,Onhaye,Onhaye,Onhaye,Onhaye|Falaën,50.2788,4.7938
5523,Onhaye,Onhaye,Onhaye,Onhaye|Sommière|Weillen,50.2754,4.8493
5524,Onhaye,Onhaye,Onhaye,Onhaye|Gérin,50.2465,4.8155
5530,Yvoir,Yvoir,Yvoir,Yvoir|Dorinne|Durnal|Evrehailles|Godinne|Houx|Mont|Purnode|Spontin,50.3279,4.8806
5537,Anhée,Anhée,Anhée,Anhée|Annevoie-Rouillon|Bioul|Denée|Haut-le-Wastia|Sosoye|Warnant,50.3104,4.8783
5540,Hastière,Hastière,Hastière,Hastière|Hastière-Lavaux|Hermeton-sur-Meuse|Waulsort,50.2166,4.8164
5541,Hastière,Hastière,Hastière,Hastière|Hastière-par-Delà,50.2149,4.8295
5542,Hastière,Hastière,Hastière,Hastière|Blaimont,50.1923,4.8423
5543,Hastière,Hastière,Hastière,Hastière|Heer,50.1637,4.8321
5544,Hastière,Hastière,Hastière,Hastière|Agimont,50.1659,4.7958
5550,Vresse-sur-Semois,Vresse-sur-Semois,Vresse-sur-Semois,Vresse-sur-Semois|Alle|Bagimont|Bohan|Chairière|Laforêt|Membre|Mouzaive|Nafraiture|Orchimont|Pussemange|Sugny,49.8667,4.9333
5555,Bièvre,Bièvre,Bièvre,Bièvre|Baillamont|Bellefontaine|Cornimont|Graide|Gros-Fays|Monceau-en-Ardenne|Naomé|Oizy|Petit-Fays,49.9409,5.0159
5560,Houyet,Houyet,Houyet,Houyet|Ciergnon|Finnevaux|Hulsonniaux|Mesnil-Eglise|Mesnil-Saint-Blaise,50.1862,5.0076
5561,Houyet,Houyet,Houyet,Houyet|Celles,50.2305,5.0066
5562,Houyet,Houyet,Houyet,Houyet|Custinne,50.2106,5.0489
5563,Houyet,Houyet,Houyet,Houyet|Hour,50.1613,5.0388
5564,Houyet,Houyet,Houyet,Houyet|Wanlin,50.1599,5.0620
5570,Beauraing,Beauraing,Beauraing,Beauraing|Baronville|Dion|Felenne|Feschaux|Honnay|Javingue|Vonêche|Wancennes|Winenne,50.1104,4.9555
5571,Beauraing,Beauraing,Beauraing,Beauraing|Wiesme,50.1484,4.9772
5572,Beauraing,Beauraing,Beauraing,Beauraing|Focant,50.1319,5.0380
5573,Beauraing,Beauraing,Beauraing,Beauraing|Martouzin-Neuville,50.1177,5.0063
5574,Beauraing,Beauraing,Beauraing,Beauraing|Pondrôme,50.0992,5.0096
5575,Gedinne,Gedinne,Gedinne,Gedinne|Bourseigne-Neuve|Bourseigne-Vieille|Houdremont|Louette-Saint-Denis|Louette-Saint-Pierre|Malvoisin|Patignies|Rienne|Sart-Custinne|Vencimont|Willerzie,49.9804,4.9367
5576,Beauraing,Beauraing,Beauraing,Beauraing|Froidfontaine,50.0600,5.0003
5580,Rochefort,Rochefort,Rochefort,Rochefort|Ave-et-Auffe|Buissonville|Eprave|Han-sur-Lesse|Jemelle|Lavaux-Sainte-Anne|Lessive|Mont-Gauthier|Villers-sur-Lesse|Wavreille,50.1631,5.2216
5590,Ciney,Ciney,Ciney,Ciney|Achêne|Braibant|Chevetogne|Conneux|Haversin|Leignon|Pessoux|Serinchamps|Sovet,50.2945,5.1001
5600,Philippeville,Philippeville,Philippeville,Philippeville|Fagnolle|Franchimont|Jamagne|Jamiolle|Merlemont|Neuville|Omezée|Roly|Romedenne|Samart|Sart-en-Fagne|Sautour|Surice|Villers-en-Fagne|Villers-le-Gambon|Vodecée,50.1961,4.5437
5620,Florennes,Florennes,Florennes,Florennes|Corenne|Flavion|Hemptinne-lez-Florennes|Morville|Rosée|Saint-Aubin,50.2513,4.6064
5621,Florennes,Florennes,Florennes,Florennes|Hanzinelle|Hanzinne|Morialmé|Thy-le-Bauduin|Thy-Le-Baudouin,50.2961,4.5563
5630,Cerfontaine,Cerfontaine,Cerfontaine,Cerfontaine|Daussois|Senzeilles|Silenrieux|Soumoy|Villers-Deux-Eglises,50.1705,4.4103
5640,Mettet,Mettet,Mettet,Mettet|Biesme|Biesmerée|Graux|Oret|Saint-Gérard,50.3212,4.6623
5641,Mettet,Mettet,Mettet,Mettet|Furnaux,50.3081,4.7051
5644,Mettet,Mettet,Mettet,Mettet|Ermeton-sur-Biert,50.2976,4.7194
5646,Mettet,Mettet,Mettet,Mettet|Stave,50.2801,4.6591
5650,Walcourt,Walcourt,Walcourt,Walcourt|Castillon|Chastrès|Clermont|Fontenelle|Fraire|Pry|Vogenée|Yves-Gomezée,50.2540,4.4380
5651,Walcourt,Walcourt,Walcourt,Walcourt|Berzée|Gourdinne|Laneffe|Rognée|Somzée|Tarcienne|Thy-le-Château,50.2794,4.4934
5660,Couvin,Couvin,Couvin,Couvin|Aublain|Boussu-en-Fagne|Brûly|Brûly-de-Pesche|Cul-des-Sarts|Dailly|Frasnes|Gonrieux|Mariembourg|Pesche|Pétigny|Petite-Chapelle|Presgaux,50.0528,4.4950
5670,Viroinval,Viroinval,Viroinval,Viroinval|Dourbes|Le Mesnil|Mazée|Nismes|Oignies-en-Thiérache|Olloy-Sur-Viroin|Treignes|Vierves-sur-Viroin,50.0073,4.6677
5680,Doische,Doische,Doische,Doische|Gimnée|Gochenée|Matagne-la-Grande|Matagne-la-Petite|Niverlée|Romerée|Soulme|Vaucelles|Vodelée,50.1336,4.7355
6000,Charleroi,Charleroi,Charleroi,Charleroi,50.4114,4.4445
6001,Charleroi,Charleroi,Charleroi,Charleroi|Marcinelle,50.3922,4.4439
6010,Charleroi,Charleroi,Charleroi,Charleroi|Couillet,50.3914,4.4591
6020,Charleroi,Charleroi,Charleroi,Charleroi|Dampremy,50.4171,4.4309
6030,Charleroi,Charleroi,Charleroi,Charleroi|Goutroux|Marchienne-au-Pont,50.4133,4.3623
6031,Charleroi,Charleroi,Charleroi,Charleroi|Monceau-sur-Sambre,50.4169,4.3767
6032,Charleroi,Charleroi,Charleroi,Charleroi|Mont-sur-Marchienne,50.3900,4.4073
6040,Charleroi,Charleroi,Charleroi,Charleroi|Jumet,50.4422,4.4374
6041,Charleroi,Charleroi,Charleroi,Charleroi|Gosselies,50.4694,4.4332
6042,Charleroi,Charleroi,Charleroi,Charleroi|Lodelinsart,50.4314,4.4489
6043,Charleroi,Charleroi,Charleroi,Charleroi|Ransart,50.4617,4.4762
6044,Charleroi,Charleroi,Charleroi,Charleroi|Roux,50.4411,4.3917
6060,Charleroi,Charleroi,Charleroi,Charleroi|Gilly,50.4245,4.4789
6061,Charleroi,Charleroi,Charleroi,Charleroi|Montignies-sur-Sambre,50.4108,4.4911
6110,Montigny-le-Tilleul,Montigny-le-Tilleul,Montigny-le-Tilleul,Montigny-le-Tilleul,50.3806,4.3758
6111,Montigny-le-Tilleul,Montigny-le-Tilleul,Montigny-le-Tilleul,Montigny-le-Tilleul|Landelies,50.3800,4.3508
6120,Ham-sur-Heure,Ham-sur-Heure-Nalinnes,Ham-sur-Heure-Nalinnes,Ham-sur-Heure-Nalinnes|Ham-sur-Heure|Cour-sur-Heure|Jamioulx|Marbaix|Nalinnes,50.3230,4.3884
6140,Fontaine-l'Évêque,Fontaine-l'Évêque,Fontaine-l'Évêque,Fontaine-l'Évêque,50.4091,4.3243
6141,Fontaine-l’Evêque,Fontaine-l’Evêque,Fontaine-l’Evêque,Fontaine-l’Evêque|Forchies-La-Marche,50.4369,4.3211
6142,Fontaine-l’Evêque,Fontaine-l’Evêque,Fontaine-l’Evêque,Fontaine-l’Evêque|Leernes,50.3981,4.3324
6150,Anderlues,Anderlues,Anderlues,Anderlues,50.4070,4.2714
6180,Courcelles,Courcelles,Courcelles,Courcelles,50.4638,4.3747
6181,Courcelles,Courcelles,Courcelles,Courcelles|Gouy-lez-Piéton,50.4907,4.3289
6182,Courcelles,Courcelles,Courcelles,Courcelles|Souvret,50.4486,4.3457
6183,Courcelles,Courcelles,Courcelles,Courcelles|Trazegnies,50.4638,4.3329
6200,Châtelet,Châtelet,Châtelet,Châtelet|Bouffioulx|Châtelineau,50.4034,4.5283
6210,Les Bons Villers,Les Bons Villers,Les Bons Villers,Les Bons Villers|Frasnes-lez-Gosselies|Rèves|Villers-Perwin|Wayaux,50.5321,4.4350
6211,Les Bons Villers,Les Bons Villers,Les Bons Villers,Les Bons Villers|Mellet,50.5057,4.4786
6220,Fleurus,Fleurus,Fleurus,Fleurus|Heppignies|Lambusart|Wangenies,50.4835,4.5501
6221,Fleurus,Fleurus,Fleurus,Fleurus|Saint-Amand,50.5061,4.5499
6222,Fleurus,Fleurus,Fleurus,Fleurus|Brye,50.5244,4.5567
6223,Fleurus,Fleurus,Fleurus,Fleurus|Wagnelée,50.5233,4.5333
6224,Fleurus,Fleurus,Fleurus,Fleurus|Wanfercée-Baulet,50.4729,4.5875
6230,Pont-à-Celles,Pont-à-Celles,Pont-à-Celles,Pont-à-Celles|Buzet|Obaix|Thiméon|Viesville,50.5052,4.3689
6238,Pont-à-Celles,Pont-à-Celles,Pont-à-Celles,Pont-à-Celles|Liberchies|Luttre,50.5101,4.3971
6240,Farciennes,Farciennes,Farciennes,Farciennes|Pironchamps,50.4301,4.5415
6250,Aiseau-Presles,Aiseau-Presles,Aiseau-Presles,Aiseau-Presles|Aiseau|Pont-de-Loup|Presles|Roselies,50.4082,4.5822
6280,Gerpinnes,Gerpinnes,Gerpinnes,Gerpinnes|Acoz|Gougnies|Joncret|Loverval|Villers-Poterie,50.3379,4.5273
6440,Froidchapelle,Froidchapelle,Froidchapelle,Froidchapelle|Boussu-lez-Walcourt|Fourbechies|Vergnies,50.1511,4.3274
6441,Froidchapelle,Froidchapelle,Froidchapelle,Froidchapelle|Erpion,50.2119,4.3556
6460,Chimay,Chimay,Chimay,Chimay|Bailièvre|Robechies|Saint-Remy|Salles|Villers-la-Tour,50.0486,4.3171
6461,Chimay,Chimay,Chimay,Chimay|Virelles,50.0639,4.3351
6462,Chimay,Chimay,Chimay,Chimay|Vaulx-lez-Chimay,50.0617,4.3651
6463,Chimay,Chimay,Chimay,Chimay|Lompret,50.0644,4.3790
6464,Chimay,Chimay,Chimay,Chimay|Baileux|Bourlers|Forges|l'Escaillère|Rièzes,50.0288,4.3753
6470,Sivry-Rance,Sivry-Rance,Sivry-Rance,Sivry-Rance|Grandrieu|Montbliart|Rance|Sautin|Sivry,50.1668,4.1665
6500,Beaumont,Beaumont,Beaumont,Beaumont|Barbençon|Leugnies|Leval-Chaudeville|Renlies|Solre-Saint-Géry|Thirimont,50.2370,4.2393
6511,Beaumont,Beaumont,Beaumont,Beaumont|Strée,50.2808,4.2939
6530,Thuin,Thuin,Thuin,Thuin|Leers-et-Fosteau,50.3393,4.2860
6531,Thuin,Thuin,Thuin,Thuin|Biesme-sous-Thuin,50.3221,4.3090
6532,Thuin,Thuin,Thuin,Thuin|Ragnies,50.3080,4.2845
6533,Thuin,Thuin,Thuin,Thuin|Biercée,50.3242,4.2594
6534,Thuin,Thuin,Thuin,Thuin|Gozée,50.3346,4.3527
6536,Thuin,Thuin,Thuin,Thuin|Donstiennes|Thuillies,50.2856,4.3117
6540,Lobbes,Lobbes,Lobbes,Lobbes|Mont-Sainte-Geneviève,50.3526,4.2672
6542,Lobbes,Lobbes,Lobbes,Lobbes|Sars-la-Buissière,50.3398,4.2094
6543,Lobbes,Lobbes,Lobbes,Lobbes|Bienne-lez-Happart,50.3521,4.2162
6560,Erquelinnes,Erquelinnes,Erquelinnes,Erquelinnes|Bersillies-l'Abbaye|Grand-Reng|Hantes-Wihéries|Montignies-Saint-Christophe|Solre-sur-Sambre,50.3069,4.1113
6567,Merbes-le-Château,Merbes-le-Château,Merbes-le-Château,Merbes-le-Château|Fontaine-Valmont|Labuissière|Merbes-Sainte-Marie,50.3245,4.1649
6590,Momignies,Momignies,Momignies,Momignies,50.0271,4.1652
6591,Momignies,Momignies,Momignies,Momignies|Macon,50.0507,4.2092
6592,Momignies,Momignies,Momignies,Momignies|Monceau-Imbrechies,50.0379,4.2251
6593,Momignies,Momignies,Momignies,Momignies|Macquenoise,49.9757,4.1789
6594,Momignies,Momignies,Momignies,Momignies|Beauwelz,50.0143,4.1568
6596,Momignies,Momignies,Momignies,Momignies|Forge-Philippe|Seloignes,50.0151,4.2552
6600,Bastogne,Bastenaken,Bastogne,Bastenaken|Bastogne|Longvilly|Noville|Villers-la-Bonne-Eau|Wardin,50.0035,5.7184
6630,Martelange,Martelange,Martelange,Martelange,49.8319,5.7365
6637,Fauvillers,Fauvillers,Fauvillers,Fauvillers|Hollange|Tintange,49.8512,5.6641
6640,Vaux-sur-Sûre,Vaux-sur-Sûre,Vaux-sur-Sûre,Vaux-sur-Sûre|Hompré|Morhet|Nives|Sibret|Vaux-lez-Rosières,49.9110,5.5785
6642,Vaux-sur-Sûre,Vaux-sur-Sûre,Vaux-sur-Sûre,Vaux-sur-Sûre|Juseret,49.8802,5.5493
6660,Houffalize,Houffalize,Houffalize,Houffalize|Nadrin,50.1324,5.7896
6661,Houffalize,Houffalize,Houffalize,Houffalize|Mont|Tailles,50.0022,5.7440
6662,Houffalize,Houffalize,Houffalize,Houffalize|Tavigny,50.1085,5.8379
6663,Houffalize,Houffalize,Houffalize,Houffalize|Mabompré,50.0990,5.7398
6666,Houffalize,Houffalize,Houffalize,Houffalize|Wibrin,50.1655,5.7211
6670,Gouvy,Gouvy,Gouvy,Gouvy|Limerlé,50.1860,5.9392
6671,Gouvy,Gouvy,Gouvy,Gouvy|Bovigny,50.2242,5.9169
6672,Gouvy,Gouvy,Gouvy,Gouvy|Beho,50.2206,5.9981
6673,Gouvy,Gouvy,Gouvy,Gouvy|Cherain,50.1800,5.8652
6674,Gouvy,Gouvy,Gouvy,Gouvy|Montleban,50.1895,5.8354
6680,Sainte-Ode,Sainte-Ode,Sainte-Ode,Sainte-Ode|Amberloup|Tillet,50.0172,5.5193
6681,Sainte-Ode,Sainte-Ode,Sainte-Ode,Sainte-Ode|Lavacherie,50.0528,5.5109
6686,Bastenaken,Bastenaken,Bastogne,Bastenaken|Bastogne|Flamierge,50.0332,5.6029
6687,Bastenaken,Bastenaken,Bastogne,Bastenaken|Bastogne|Bertogne,50.0836,5.6669
6688,Bastenaken,Bastenaken,Bastogne,Bastenaken|Bastogne|Longchamps,50.0534,5.6903
6690,Vielsalm,Vielsalm,Vielsalm,Vielsalm|Bihain,50.2841,5.9150
6692,Vielsalm,Vielsalm,Vielsalm,Vielsalm|Petit-Thier,50.3071,5.9678
6698,Vielsalm,Vielsalm,Vielsalm,Vielsalm|Grand-Halleux,50.3258,5.9072
6700,Arlon,Aarlen,Arlon,Aarlen|Arlon|Bonnert|Heinsch|Toernich,49.6833,5.8167
6704,Aarlen,Aarlen,Arlon,Aarlen|Arlon|Guirsch,49.7183,5.8521
6706,Aarlen,Aarlen,Arlon,Aarlen|Arlon|Autelbas,49.6481,5.8680
6717,Attert,Attert,Attert,Attert|Nobressart|Nothomb|Thiaumont|Tontelange,49.7503,5.7863
6720,Habay,Habay,Habay,Habay|Habay-la-Neuve|Hachy,49.7233,5.6200
6721,Habay,Habay,Habay,Habay|Anlier,49.7714,5.6201
6723,Habay,Habay,Habay,Habay|Habay-la-Vieille,49.7233,5.6200
6724,Habay,Habay,Habay,Habay|Houdemont|Rulles,49.7181,5.5596
6730,Tintigny,Tintigny,Tintigny,Tintigny|Bellefontaine|Rossignol|Saint-Vincent,49.6833,5.5135
6740,Etalle,Etalle,Etalle,Etalle|Sainte-Marie-sur-Semois|Villers-sur-Semois,49.6738,5.6002
6741,Etalle,Etalle,Etalle,Etalle|Vance,49.6716,5.6657
6742,Etalle,Etalle,Etalle,Etalle|Chantemelle,49.6527,5.6523
6743,Etalle,Etalle,Etalle,Etalle|Buzenol,49.6439,5.5947
6747,Saint-Léger,Saint-Léger,Saint-Léger,Saint-Léger|Châtillon|Meix-le-Tige,49.6120,5.6569
6750,Musson,Musson,Musson,Musson|Mussy-la-Ville|Signeulx,49.5583,5.7053
6760,Virton,Virton,Virton,Virton|Bleid|Ethe|Ruette,49.5682,5.5326
6761,Virton,Virton,Virton,Virton|Latour,49.5574,5.5706
6762,Virton,Virton,Virton,Virton|Saint-Mard,49.5540,5.5343
6767,Rouvroy,Rouvroy,Rouvroy,Rouvroy|Dampicourt|Harnoncourt|Lamorteau|Torgny,49.5377,5.4903
6769,Meix-devant-Virton,Meix-devant-Virton,Meix-devant-Virton,Meix-devant-Virton|Gérouville|Robelmont|Sommethonne|Villers-la-Loue,49.6058,5.4804
6780,Messancy,Messancy,Messancy,Messancy|Hondelange|Wolkrange,49.5920,5.8188
6781,Messancy,Messancy,Messancy,Messancy|Sélange,49.6093,5.8505
6782,Messancy,Messancy,Messancy,Messancy|Habergy,49.6147,5.7601
6790,Aubange,Aubange,Aubange,Aubange,49.5665,5.8049
6791,Aubange,Aubange,Aubange,Aubange|Athus,49.5648,5.8374
6792,Aubange,Aubange,Aubange,Aubange|Halanzy|Rachecourt,49.5919,5.7253
6800,Libramont-Chevigny,Libramont-Chevigny,Libramont-Chevigny,Libramont-Chevigny|Bras|Freux|Moircy|Recogne|Remagne|Sainte-Marie-Chevigny|Saint-Pierre,49.9496,5.4292
6810,Chiny,Chiny,Chiny,Chiny|Izel|Jamoigne,49.7383,5.3410
6811,Chiny,Chiny,Chiny,Chiny|Les Bulles,49.7046,5.4238
6812,Chiny,Chiny,Chiny,Chiny|Suxy,49.7644,5.3997
6813,Chiny,Chiny,Chiny,Chiny|Termes,49.7066,5.4574
6820,Florenville,Florenville,Florenville,Florenville|Fontenoille|Muno|Sainte-Cécile,49.6998,5.3074
6821,Florenville,Florenville,Florenville,Florenville|Lacuisine,49.7159,5.3177
6823,Florenville,Florenville,Florenville,Florenville|Villers-devant-Orval,49.6195,5.3305
6824,Florenville,Florenville,Florenville,Florenville|Chassepierre,49.7073,5.2618
6830,Bouillon,Bouillon,Bouillon,Bouillon|Les Hayons|Poupehan|Rochehaut,49.7932,5.0670
6831,Bouillon,Bouillon,Bouillon,Bouillon|Noirfontaine,49.9619,5.5136
6832,Bouillon,Bouillon,Bouillon,Bouillon|Sensenruth,49.8249,5.0746
6833,Bouillon,Bouillon,Bouillon,Bouillon|Ucimont|Vivy,49.8308,5.0544
6834,Bouillon,Bouillon,Bouillon,Bouillon|Bellevaux,49.8403,5.1104
6836,Bouillon,Bouillon,Bouillon,Bouillon|Dohan,49.7958,5.1416
6838,Bouillon,Bouillon,Bouillon,Bouillon|Corbion,49.7977,5.0074
6840,Neufchâteau,Neufchâteau,Neufchâteau,Neufchâteau|Grandvoir|Grapfontaine|Hamipré|Longlier|Tournay,49.8407,5.4353
6850,Paliseul,Paliseul,Paliseul,Paliseul|Carlsbourg|Offagne,49.9040,5.1354
6851,Paliseul,Paliseul,Paliseul,Paliseul|Nollevaux,49.8713,5.1213
6852,Paliseul,Paliseul,Paliseul,Paliseul|Maissin|Opont,49.9345,5.1185
6853,Paliseul,Paliseul,Paliseul,Paliseul|Framont,49.9192,5.1600
6856,Paliseul,Paliseul,Paliseul,Paliseul|Fays-les-Veneurs,49.8661,5.1612
6860,Léglise,Léglise,Léglise,Léglise|Assenois|Ebly|Mellier|Witry,49.7998,5.5365
6870,Saint-Hubert,Saint-Hubert,Saint-Hubert,Saint-Hubert|Arville|Awenne|Hatrival|Mirwart|Vesqueville,50.0267,5.3740
6880,Bertrix,Bertrix,Bertrix,Bertrix|Auby-sur-Semois|Cugnon|Jehonville|Orgeo,49.8560,5.2554
6887,Herbeumont,Herbeumont,Herbeumont,Herbeumont|Saint-Médard|Straimont,49.7809,5.2358
6890,Libin,Libin,Libin,Libin|Anloy|Ochamps|Redu|Smuid|Transinne|Villance,49.9811,5.2561
6900,Marche-en-Famenne,Marche-en-Famenne,Marche-en-Famenne,Marche-en-Famenne|Aye|Hargimont|Humain|On|Roy|Waha,50.2268,5.3442
6920,Wellin,Wellin,Wellin,Wellin|Sohier,50.0813,5.1141
6921,Wellin,Wellin,Wellin,Wellin|Chanly,50.0797,5.1529
6922,Wellin,Wellin,Wellin,Wellin|Halma,50.0760,5.1351
6924,Wellin,Wellin,Wellin,Wellin|Lomprez,50.0762,5.0914
6927,Tellin,Tellin,Tellin,Tellin|Bure|Grupont|Resteigne,50.0804,5.2164
6929,Daverdisse,Daverdisse,Daverdisse,Daverdisse|Gembes|Haut-Fays|Porcheresse,50.0216,5.1181
6940,Durbuy,Durbuy,Durbuy,Durbuy|Barvaux-sur-Ourthe|Grandhan|Septon|Wéris,50.3529,5.4563
6941,Durbuy,Durbuy,Durbuy,Durbuy|Bende|Bomal-sur-Ourthe|Borlon|Heyd|Izier|Tohogne|Villers-Sainte-Gertrude,50.4183,5.4146
6950,Nassogne,Nassogne,Nassogne,Nassogne|Harsin,50.1285,5.3427
6951,Nassogne,Nassogne,Nassogne,Nassogne|Bande,50.1664,5.4144
6952,Nassogne,Nassogne,Nassogne,Nassogne|Grune,50.1552,5.3816
6953,Nassogne,Nassogne,Nassogne,Nassogne|Ambly|Forrières|Lesterny|Masbourg,50.1124,5.2790
6960,Manhay,Manhay,Manhay,Manhay|Dochamps|Grandménil|Harre|Malempré|Odeigne|Vaux-Chavanne,50.2867,5.6565
6970,Tenneville,Tenneville,Tenneville,Tenneville,50.0950,5.5289
6971,Tenneville,Tenneville,Tenneville,Tenneville|Champlon,50.1082,5.5019
6972,Tenneville,Tenneville,Tenneville,Tenneville|Erneuville,50.1129,5.5495
6980,La Roche-en-Ardenne,La Roche-en-Ardenne,La Roche-en-Ardenne,La Roche-en-Ardenne|Beausaint,50.1836,5.5755
6982,La Roche-en-Ardenne,La Roche-en-Ardenne,La Roche-en-Ardenne,La Roche-en-Ardenne|Samrée,50.2104,5.6344
6983,La Roche-en-Ardenne,La Roche-en-Ardenne,La Roche-en-Ardenne,La Roche-en-Ardenne|Ortho,50.1248,5.6132
6984,La Roche-en-Ardenne,La Roche-en-Ardenne,La Roche-en-Ardenne,La Roche-en-Ardenne|Hives,50.1507,5.5774
6986,La Roche-en-Ardenne,La Roche-en-Ardenne,La Roche-en-Ardenne,La Roche-en-Ardenne|Halleux,50.1732,5.5010
6987,Rendeux,Rendeux,Rendeux,Rendeux|Beffe|Hodister|Marcourt,50.2342,5.5041
6990,Hotton,Hotton,Hotton,Hotton|Fronville|Hampteau|Marenne,50.2674,5.4461
6997,Erezée,Erezée,Erezée,Erezée|Amonines|Mormont|Soy,50.2929,5.5581
7000,Mons,Bergen,Mons,Bergen|Mons,50.4541,3.9523
7011,Bergen,Bergen,Mons,Bergen|Mons|Ghlin,50.4731,3.9029
7012,Bergen,Bergen,Mons,Bergen|Mons|Flénu|Jemappes,50.4491,3.8910
7020,Bergen,Bergen,Mons,Bergen|Mons|Maisières|Nimy,50.4882,3.9656
7021,Bergen,Bergen,Mons,Bergen|Mons|Havré,50.4640,4.0467
7022,Bergen,Bergen,Mons,Bergen|Mons|Harmignies|Harveng|Hyon|Mesvin|Nouvelles,50.4380,3.9603
7024,Bergen,Bergen,Mons,Bergen|Mons|Ciply,50.4187,3.9442
7030,Bergen,Bergen,Mons,Bergen|Mons|Saint-Symphorien,50.4390,4.0073
7031,Bergen,Bergen,Mons,Bergen|Mons|Villers-Saint-Ghislain,50.4303,4.0399
7032,Bergen,Bergen,Mons,Bergen|Mons|Spiennes,50.4250,3.9874
7033,Bergen,Bergen,Mons,Bergen|Mons|Cuesmes,50.4362,3.9232
7034,Bergen,Bergen,Mons,Bergen|Mons|Obourg|Saint-Denis,50.4905,4.0205
7040,Quévy,Quévy,Quévy,Quévy|Asquillies|Aulnois|Blaregnies|Bougnies|Genly|Goegnies-Chaussée|Quévy-le-Grand|Quévy-le-Petit,50.3684,3.9293
7041,Quévy,Quévy,Quévy,Quévy|Givry|Havay,50.3783,4.0293
7050,Jurbise,Jurbeke,Jurbise,Jurbeke|Jurbise|Erbaut|Erbisoeul|Herchies|Masnuy-Saint-Jean|Masnuy-Saint-Pierre,50.5310,3.9094
7060,Soignies,Zinnik,Soignies,Zinnik|Soignies|Horrues,50.5790,4.0713
7061,Zinnik,Zinnik,Soignies,Zinnik|Soignies|Casteau|Thieusies,50.5123,4.0112
7062,Zinnik,Zinnik,Soignies,Zinnik|Soignies|Naast,50.5541,4.1008
7063,Zinnik,Zinnik,Soignies,Zinnik|Soignies|Chaussée-Notre-Dame-Louvignies|Neufvilles,50.5711,4.0004
7070,Le Roeulx,Le Roeulx,Le Roeulx,Le Roeulx|Gottignies|Mignault|Thieu|Ville-sur-Haine,50.4941,4.0936
7080,Frameries,Frameries,Frameries,Frameries|Eugies|La Bouverie|Noirchain|Sars-la-Bruyère,50.4058,3.8960
7090,Braine-le-Comte,’s Gravenbrakel,Braine-le-Comte,’s Gravenbrakel|Braine-le-Comte|Hennuyères|Henripont|Petit-Rœulx-lez-Braine|Ronquières|Steenkerque|Petit-Roeulx-Lez-Braine,50.6098,4.1466
7100,La Louvière,La Louvière,La Louvière,La Louvière|Haine-Saint-Paul|Haine-Saint-Pierre|Saint-Vaast|Trivières,50.4866,4.1879
7110,La Louvière,La Louvière,La Louvière,La Louvière|Boussoit|Houdeng-Aimeries|Houdeng-Goegnies|Maurage|Strépy-Bracquegnies,50.4728,4.1202
7120,Estinnes,Estinnes,Estinnes,Estinnes|Croix-lez-Rouveroy|Estinnes-au-Mont|Estinnes-au-Val|Fauroeulx|Haulchin|Peissant|Rouveroy|Vellereille-les-Brayeux|Vellereille-le-Sec,50.3794,4.0972
7130,Binche,Binche,Binche,Binche|Battignies|Bray,50.4116,4.1647
7131,Binche,Binche,Binche,Binche|Waudrez,50.4135,4.1505
7133,Binche,Binche,Binche,Binche|Buvrinnes,50.3887,4.2054
7134,Binche,Binche,Binche,Binche|Epinois|Leval-Trahegnies|Péronnes-lez-Binche|Ressaix,50.4378,4.1491
7140,Morlanwelz,Morlanwelz,Morlanwelz,Morlanwelz|Morlanwelz-Mariemont,50.4550,4.2452
7141,Morlanwelz,Morlanwelz,Morlanwelz,Morlanwelz|Carnières|Mont-Sainte-Aldegonde,50.4443,4.2551
7160,Chapelle-lez-Herlaimont,Chapelle-lez-Herlaimont,Chapelle-lez-Herlaimont,Chapelle-lez-Herlaimont|Godarville|Piéton,50.4713,4.2823
7170,Manage,Manage,Manage,Manage|Bellecourt|Bois-d'Haine|Fayt-lez-Manage|La Hestre,50.5031,4.2359
7180,Seneffe,Seneffe,Seneffe,Seneffe,50.5313,4.2630
7181,Seneffe,Seneffe,Seneffe,Seneffe|Arquennes|Familleureux|Feluy|Petit-Rœulx-lez-Nivelles|Petit-Roeulx-Lez-Nivelles,50.5676,4.2734
7190,Ecaussinnes,Ecaussinnes,Ecaussinnes,Ecaussinnes|Écaussinnes-d'Enghien|Marche-lez-Écaussinnes,50.5571,4.1738
7191,Ecaussinnes,Ecaussinnes,Ecaussinnes,Ecaussinnes|Ecaussinnes-Lalaing,50.5687,4.1840
7300,Boussu,Boussu,Boussu,Boussu,50.4342,3.7944
7301,Boussu,Boussu,Boussu,Boussu|Hornu,50.4328,3.8274
7320,Bernissart,Bernissart,Bernissart,Bernissart,50.4746,3.6496
7321,Bernissart,Bernissart,Bernissart,Bernissart|Blaton|Harchies,50.5004,3.6601
7322,Bernissart,Bernissart,Bernissart,Bernissart|Pommeroeul|Ville-Pommeroeul,50.4715,3.7306
7330,Saint-Ghislain,Saint-Ghislain,Saint-Ghislain,Saint-Ghislain,50.4482,3.8189
7331,Saint-Ghislain,Saint-Ghislain,Saint-Ghislain,Saint-Ghislain|Baudour,50.4830,3.8332
7332,Saint-Ghislain,Saint-Ghislain,Saint-Ghislain,Saint-Ghislain|Neufmaison|Sirault,50.5055,3.7891
7333,Saint-Ghislain,Saint-Ghislain,Saint-Ghislain,Saint-Ghislain|Tertre,50.4692,3.8124
7334,Saint-Ghislain,Saint-Ghislain,Saint-Ghislain,Saint-Ghislain|Hautrage|Villerot,50.4863,3.7905
7340,Colfontaine,Colfontaine,Colfontaine,Colfontaine|Pâturages|Warquignies|Wasmes,50.4141,3.8557
7350,Hensies,Hensies,Hensies,Hensies|Hainin|Montrœul-sur-Haine|Thulin|Montroeul-Sur-Haine,50.4326,3.6841
7370,Dour,Dour,Dour,Dour|Blaugies|Elouges|Wihéries,50.3958,3.7779
7380,Quiévrain,Quiévrain,Quiévrain,Quiévrain|Baisieux,50.4074,3.6835
7382,Quiévrain,Quiévrain,Quiévrain,Quiévrain|Audregnies,50.3832,3.7213
7387,Honnelles,Honnelles,Honnelles,Honnelles|Angre|Angreau|Athis|Autreppe|Erquennes|Fayt-le-Franc|Marchipont|Montignies-sur-Roc|Onnezies|Roisin,50.3587,3.7271
7390,Quaregnon,Quaregnon,Quaregnon,Quaregnon|Wasmuel,50.4407,3.8653
7500,Tournai,Doornik,Tournai,Doornik|Tournai|Ere|Saint-Maur,50.6071,3.3893
7501,Doornik,Doornik,Tournai,Doornik|Tournai|Orcq,50.6032,3.3492
7502,Doornik,Doornik,Tournai,Doornik|Tournai|Esplechin,50.5736,3.3043
7503,Doornik,Doornik,Tournai,Doornik|Tournai|Froyennes,50.6219,3.3546
7504,Doornik,Doornik,Tournai,Doornik|Tournai|Froidmont,50.5772,3.3296
7506,Doornik,Doornik,Tournai,Doornik|Tournai|Willemeau,50.5744,3.3503
7520,Doornik,Doornik,Tournai,Doornik|Tournai|Ramegnies-Chin|Templeuve,50.6516,3.3370
7521,Doornik,Doornik,Tournai,Doornik|Tournai|Chercq,50.5884,3.4212
7522,Doornik,Doornik,Tournai,Doornik|Tournai|Blandain|Hertain|Lamain|Marquain,50.6210,3.3052
7530,Doornik,Doornik,Tournai,Doornik|Tournai|Gaurain-Ramecroix,50.5892,3.4880
7531,Doornik,Doornik,Tournai,Doornik|Tournai|Havinnes,50.6166,3.4634
7532,Doornik,Doornik,Tournai,Doornik|Tournai|Béclers,50.6212,3.5042
7533,Doornik,Doornik,Tournai,Doornik|Tournai|Thimougies,50.6336,3.5104
7534,Doornik,Doornik,Tournai,Doornik|Tournai|Barry|Maulde,50.6168,3.5488
7536,Doornik,Doornik,Tournai,Doornik|Tournai|Vaulx,50.5941,3.4295
7538,Doornik,Doornik,Tournai,Doornik|Tournai|Vezon,50.5692,3.5047
7540,Doornik,Doornik,Tournai,Doornik|Tournai|Kain|Melles|Quartes|Rumillies,50.6467,3.4816
7542,Doornik,Doornik,Tournai,Doornik|Tournai|Mont-Saint-Aubert,50.6543,3.4007
7543,Doornik,Doornik,Tournai,Doornik|Tournai|Mourcourt,50.6532,3.4447
7548,Doornik,Doornik,Tournai,Doornik|Tournai|Warchin,50.6092,3.4240
7600,Péruwelz,Péruwelz,Péruwelz,Péruwelz,50.5082,3.5937
7601,Péruwelz,Péruwelz,Péruwelz,Péruwelz|Roucourt,50.5288,3.5863
7602,Péruwelz,Péruwelz,Péruwelz,Péruwelz|Bury,50.5428,3.5939
7603,Péruwelz,Péruwelz,Péruwelz,Péruwelz|Bon-Secours,50.4980,3.6082
7604,Péruwelz,Péruwelz,Péruwelz,Péruwelz|Baugnies|Braffe|Brasménil|Callenelle|Wasmes-Audemez-Briffoeil,50.5411,3.5453
7608,Péruwelz,Péruwelz,Péruwelz,Péruwelz|Wiers,50.5086,3.5347
7610,Rumes,Rumes,Rumes,Rumes,50.5545,3.3054
7611,Rumes,Rumes,Rumes,Rumes|La Glanerie,50.5299,3.3009
7618,Rumes,Rumes,Rumes,Rumes|Taintignies,50.5528,3.3422
7620,Brunehaut,Brunehaut,Brunehaut,Brunehaut|Bléharies|Guignies|Hollain|Jollain-Merlin|Wez-Velvain,50.5374,3.4003
7621,Brunehaut,Brunehaut,Brunehaut,Brunehaut|Lesdain,50.5213,3.3874
7622,Brunehaut,Brunehaut,Brunehaut,Brunehaut|Laplaigne,50.5219,3.4473
7623,Brunehaut,Brunehaut,Brunehaut,Brunehaut|Rongy,50.5072,3.3895
7624,Brunehaut,Brunehaut,Brunehaut,Brunehaut|Howardries,50.5065,3.3560
7640,Antoing,Antoing,Antoing,Antoing|Maubray|Péronnes-lez-Antoing,50.5677,3.4492
7641,Antoing,Antoing,Antoing,Antoing|Bruyelle,50.5580,3.4279
7642,Antoing,Antoing,Antoing,Antoing|Calonne,50.5777,3.4351
7643,Antoing,Antoing,Antoing,Antoing|Fontenoy,50.5676,3.4735
7700,Moeskroen,Moeskroen,Mouscron,Moeskroen|Mouscron|Luingne,50.7450,3.2064
7711,Moeskroen,Moeskroen,Mouscron,Moeskroen|Mouscron|Dottenijs|Dottignies,50.7333,3.3000
7712,Moeskroen,Moeskroen,Mouscron,Moeskroen|Mouscron|Herseaux,50.7167,3.2167
7730,Estaimpuis,Estaimpuis,Estaimpuis,Estaimpuis|Bailleul|Estaimbourg|Evregnies|Leers-Nord|Néchin|Saint-Léger,50.7049,3.2678
7740,Pecq,Pecq,Pecq,Pecq|Warcoing,50.6862,3.3379
7742,Pecq,Pecq,Pecq,Pecq|Hérinnes-lez-Pecq,50.7006,3.3632
7743,Pecq,Pecq,Pecq,Pecq|Esquelmes|Obigies,50.6655,3.3483
7750,Mont-de-l’Enclus,Mont-de-l’Enclus,Mont-de-l’Enclus,Mont-de-l’Enclus|Amougies|Anseroeul|Orroir|Russeignies,50.7415,3.5107
7760,Celles,Celles,Celles,Celles|Escanaffles|Molenbaix|Popuelles|Pottes|Velaines,50.7123,3.4573
7780,Komen-Waasten,Komen-Waasten,Comines-Warneton,Komen-Waasten|Comines-Warneton|Komen|Comines,50.7607,3.0017
7781,Komen-Waasten,Komen-Waasten,Comines-Warneton,Komen-Waasten|Comines-Warneton|Houthem,50.7869,2.9638
7782,Komen-Waasten,Komen-Waasten,Comines-Warneton,Komen-Waasten|Comines-Warneton|Ploegsteert,50.7266,2.8802
7783,Komen-Waasten,Komen-Waasten,Comines-Warneton,Komen-Waasten|Comines-Warneton|Bizet,50.7083,2.8845
7784,Komen-Waasten,Komen-Waasten,Comines-Warneton,Komen-Waasten|Comines-Warneton|Neerwaasten|Waasten|Warneton|Bas-Warneton,50.7516,2.9464
7800,Ath,Aat,Ath,Aat|Ath|Lanquesaint,50.6294,3.7780
7801,Aat,Aat,Ath,Aat|Ath|Irchonwelz,50.6207,3.7508
7802,Aat,Aat,Ath,Aat|Ath|Ormeignies,50.5950,3.7518
7803,Aat,Aat,Ath,Aat|Ath|Bouvignies,50.6463,3.7657
7804,Aat,Aat,Ath,Aat|Ath|Ostiches|Rebaix,50.6786,3.7590
7810,Aat,Aat,Ath,Aat|Ath|Maffle,50.6179,3.8032
7811,Aat,Aat,Ath,Aat|Ath|Arbre,50.6104,3.8152
7812,Aat,Aat,Ath,Aat|Ath|Houtaing|Ligne|Mainvault|Moulbaix|Villers-Notre-Dame|Villers-Saint-Amand,50.6185,3.7359
7822,Aat,Aat,Ath,Aat|Ath|Ghislenghien|Isières|Meslin-l'Évêque,50.6565,3.8783
7823,Aat,Aat,Ath,Aat|Ath|Gibecq,50.6379,3.8878
7830,Silly,Opzullik,Silly,Opzullik|Silly|Bassilly|Fouleng|Gondregnies|Graty|Hellebecq|Hoves|Thoricourt,50.6488,3.9236
7850,Edingen,Edingen,Enghien,Edingen|Enghien|Lettelingen|Mark|Marcq|Petit-Enghien,50.6837,4.0328
7860,Lessines,Lessen,Lessines,Lessen|Lessines,50.7110,3.8358
7861,Lessen,Lessen,Lessines,Lessen|Lessines|Papignies|Wannebecq,50.6150,3.9282
7862,Lessen,Lessen,Lessines,Lessen|Lessines|Ogy,50.7207,3.7805
7863,Lessen,Lessen,Lessines,Lessen|Lessines|Ghoy,50.7283,3.8098
7864,Lessen,Lessen,Lessines,Lessen|Lessines|Deux-Acren,50.7303,3.8531
7866,Lessen,Lessen,Lessines,Lessen|Lessines|Bois-de-Lessines|Ollignies,50.6879,3.8623
7870,Lens,Lens,Lens,Lens|Bauffe|Cambron-Saint-Vincent|Lombise|Montignies-lez-Lens,50.5797,3.9142
7880,Vloesberg,Vloesberg,Flobecq,Vloesberg|Flobecq,50.7373,3.7388
7890,Ellezelles,Elzele,Ellezelles,Elzele|Ellezelles|Lahamaide|Wodecq,50.7351,3.6798
7900,Leuze-en-Hainaut,Leuze-en-Hainaut,Leuze-en-Hainaut,Leuze-en-Hainaut|Grandmetz,50.6255,3.6314
7901,Leuze-en-Hainaut,Leuze-en-Hainaut,Leuze-en-Hainaut,Leuze-en-Hainaut|Thieulain,50.6181,3.6051
7903,Leuze-en-Hainaut,Leuze-en-Hainaut,Leuze-en-Hainaut,Leuze-en-Hainaut|Blicquy|Chapelle-à-Oie|Chapelle-à-Wattines,50.6125,3.6548
7904,Leuze-en-Hainaut,Leuze-en-Hainaut,Leuze-en-Hainaut,Leuze-en-Hainaut|Pipaix|Tourpes|Willaupuis,50.5677,3.6027
7906,Leuze-en-Hainaut,Leuze-en-Hainaut,Leuze-en-Hainaut,Leuze-en-Hainaut|Gallaix,50.6051,3.5737
7910,Frasnes-lez-Anvaing,Frasnes-lez-Anvaing,Frasnes-lez-Anvaing,Frasnes-lez-Anvaing|Anvaing|Arc-Ainières|Arc-Wattripont|Cordes|Ellignies-lez-Frasnes|Forest|Wattripont,50.6906,3.5568
7911,Frasnes-lez-Anvaing,Frasnes-lez-Anvaing,Frasnes-lez-Anvaing,Frasnes-lez-Anvaing|Buissenal|Frasnes-lez-Buissenal|Hacquegnies|Herquegies|Montrœul-au-Bois|Moustier|Oeudeghien|Montroeul-Au-Bois,50.6533,3.5932
7912,Frasnes-lez-Anvaing,Frasnes-lez-Anvaing,Frasnes-lez-Anvaing,Frasnes-lez-Anvaing|Dergneau|Saint-Sauveur,50.7060,3.5978
7940,Brugelette,Brugelette,Brugelette,Brugelette|Cambron-Casteau,50.5958,3.8536
7941,Brugelette,Brugelette,Brugelette,Brugelette|Attre,50.6073,3.8392
7942,Brugelette,Brugelette,Brugelette,Brugelette|Mévergnies-lez-Lens,50.6049,3.8485
7943,Brugelette,Brugelette,Brugelette,Brugelette|Gages,50.6069,3.8914
7950,Chièvres,Chièvres,Chièvres,Chièvres|Grosage|Huissignies|Ladeuze|Tongre-Saint-Martin,50.5879,3.8071
7951,Chièvres,Chièvres,Chièvres,Chièvres|Tongre-Notre-Dame,50.5820,3.7762
7970,Beloeil,Beloeil,Beloeil,Beloeil,50.5505,3.7348
7971,Beloeil,Beloeil,Beloeil,Beloeil|Basècles|Ramegnies|Thumaide|Wadelincourt,50.5415,3.6301
7972,Beloeil,Beloeil,Beloeil,Beloeil|Aubechies|Ellignies-Sainte-Anne|Quevaucamps,50.5618,3.6727
7973,Beloeil,Beloeil,Beloeil,Beloeil|Grandglise|Stambruges,50.5094,3.7162
8000,Brugge,Brugge,Bruges,Brugge|Bruges|Koolkerke,51.2089,3.2242
8020,Oostkamp,Oostkamp,Oostkamp,Oostkamp|Hertsberge|Ruddervoorde|Waardamme,51.1543,3.2313
8200,Brugge,Brugge,Bruges,Brugge|Bruges|Sint-Andries|Sint-Michiels,51.1970,3.1789
8210,Zedelgem,Zedelgem,Zedelgem,Zedelgem|Loppem|Veldegem,51.1424,3.1368
8211,Zedelgem,Zedelgem,Zedelgem,Zedelgem|Aartrijke,51.1191,3.0908
8300,Knokke-Heist,Knokke-Heist,Knokke-Heist,Knokke-Heist|Knokke|Westkapelle,51.3500,3.2667
8301,Knokke-Heist,Knokke-Heist,Knokke-Heist,Knokke-Heist|Heist-aan-Zee|Ramskapelle,51.3151,3.2506
8310,Brugge,Brugge,Bruges,Brugge|Bruges|Assebroek|Sint-Kruis,51.1937,3.2623
8340,Damme,Damme,Damme,Damme|Hoeke|Lapscheure|Moerkerke|Oostkerke|Sijsele,51.2515,3.2814
8370,Blankenberge,Blankenberge,Blankenberge,Blankenberge|Uitkerke,51.3131,3.1323
8377,Zuienkerke,Zuienkerke,Zuienkerke,Zuienkerke|Houtave|Meetkerke|Nieuwmunster,51.2651,3.1551
8380,Brugge,Brugge,Bruges,Brugge|Bruges|Dudzele|Lissewege|Zeebrugge,51.2737,3.2253
8400,Oostende,Oostende,Ostende,Oostende|Ostende|Stene|Zandvoorde,51.2155,2.9270
8420,De Haan,De Haan,De Haan,De Haan|Klemskerke|Wenduine,51.2703,3.0531
8421,De Haan,De Haan,De Haan,De Haan|Vlissegem,51.2553,3.0560
8430,Middelkerke,Middelkerke,Middelkerke,Middelkerke,51.1853,2.8208
8431,Middelkerke,Middelkerke,Middelkerke,Middelkerke|Wilskerke,51.1812,2.8400
8432,Middelkerke,Middelkerke,Middelkerke,Middelkerke|Leffinge,51.1758,2.8758
8433,Middelkerke,Middelkerke,Middelkerke,Middelkerke|Mannekensvere|Schore|Sint-Pieters-Kapelle|Slijpe,51.1259,2.8766
8434,Middelkerke,Middelkerke,Middelkerke,Middelkerke|Lombardsijde|Westende,51.1596,2.7687
8450,Bredene,Bredene,Bredene,Bredene,51.2349,2.9756
8460,Oudenburg,Oudenburg,Oudenburg,Oudenburg|Ettelgem|Roksem|Westkerke,51.1849,3.0004
8470,Gistel,Gistel,Gistel,Gistel|Moere|Snaaskerke|Zevekote,51.1561,2.9639
8480,Ichtegem,Ichtegem,Ichtegem,Ichtegem|Bekegem|Eernegem,51.0957,3.0155
8490,Jabbeke,Jabbeke,Jabbeke,Jabbeke|Snellegem|Stalhille|Varsenare|Zerkegem,51.1818,3.0894
8500,Kortrijk,Kortrijk,Courtrai,Kortrijk|Courtrai,50.8280,3.2649
8501,Kortrijk,Kortrijk,Courtrai,Kortrijk|Courtrai|Bissegem|Heule,50.8238,3.2284
8510,Kortrijk,Kortrijk,Courtrai,Kortrijk|Courtrai|Bellegem|Kooigem|Marke|Rollegem,50.8068,3.2334
8511,Kortrijk,Kortrijk,Courtrai,Kortrijk|Courtrai|Aalbeke,50.7785,3.2295
8520,Kuurne,Kuurne,Kuurne,Kuurne,50.8514,3.2824
8530,Harelbeke,Harelbeke,Harelbeke,Harelbeke,50.8534,3.3094
8531,Harelbeke,Harelbeke,Harelbeke,Harelbeke|Bavikhove|Hulste,50.8822,3.2950
8540,Deerlijk,Deerlijk,Deerlijk,Deerlijk,50.8534,3.3542
8550,Zwevegem,Zwevegem,Zwevegem,Zwevegem,50.8127,3.3385
8551,Zwevegem,Zwevegem,Zwevegem,Zwevegem|Heestert,50.7820,3.4122
8552,Zwevegem,Zwevegem,Zwevegem,Zwevegem|Moen,50.7701,3.3948
8553,Zwevegem,Zwevegem,Zwevegem,Zwevegem|Otegem,50.8069,3.4204
8554,Zwevegem,Zwevegem,Zwevegem,Zwevegem|Sint-Denijs,50.7520,3.3663
8560,Wevelgem,Wevelgem,Wevelgem,Wevelgem|Gullegem|Moorsele,50.8000,3.1667
8570,Anzegem,Anzegem,Anzegem,Anzegem|Gijzelbrechtegem|Ingooigem|Vichte,50.8370,3.4779
8572,Anzegem,Anzegem,Anzegem,Anzegem|Kaster,50.8133,3.4959
8573,Anzegem,Anzegem,Anzegem,Anzegem|Tiegem,50.8090,3.4748
8580,Avelgem,Avelgem,Avelgem,Avelgem,50.7762,3.4450
8581,Avelgem,Avelgem,Avelgem,Avelgem|Kerkhove|Waarmaarde,50.7900,3.4866
8582,Avelgem,Avelgem,Avelgem,Avelgem|Outrijve,50.7577,3.4296
8583,Avelgem,Avelgem,Avelgem,Avelgem|Bossuit,50.7485,3.4082
8587,Spiere-Helkijn,Spiere-Helkijn,Espierres-Helchin,Spiere-Helkijn|Espierres-Helchin|Helkijn|Spiere|Helchin|Espierres,50.7255,3.3702
8600,Diksmuide,Diksmuide,Dixmude,Diksmuide|Dixmude|Beerst|Driekapellen|Esen|Kaaskerke|Keiem|Lampernisse|Leke|Nieuwkapelle|Oostkerke|Oudekapelle|Pervijze|Sint-Jacobs-Kapelle|Stuivekenskerke|Vladslo|Woumen,51.0325,2.8638
8610,Kortemark,Kortemark,Kortemark,Kortemark|Handzame|Werken|Zarren,51.0295,3.0411
8620,Nieuwpoort,Nieuwpoort,Nieuport,Nieuwpoort|Nieuport|Ramskapelle|Sint-Joris,51.1301,2.7513
8630,Veurne,Veurne,Furnes,Veurne|Furnes|Avekapelle|Booitshoeke|Bulskamp|De Moeren|Eggewaartskapelle|Houtem|Steenkerke|Vinkem|Wulveringem|Zoutenaaie,51.0732,2.6680
8640,Vleteren,Vleteren,Vleteren,Vleteren|Oostvleteren|Westvleteren|Woesten,50.9201,2.7492
8647,Lo-Reninge,Lo-Reninge,Lo-Reninge,Lo-Reninge|Lo|Noordschote|Pollinkhove|Reninge,50.9635,2.7704
8650,Houthulst,Houthulst,Houthulst,Houthulst|Klerken|Merkem,50.9782,2.9505
8660,De Panne,De Panne,La Panne,De Panne|La Panne|Adinkerke,51.0979,2.5937
8670,Koksijde,Koksijde,Koksijde,Koksijde|Oostduinkerke|Wulpen,51.1164,2.6377
8680,Koekelare,Koekelare,Koekelare,Koekelare|Bovekerke|Zande,51.0905,2.9783
8690,Alveringem,Alveringem,Alveringem,Alveringem|Hoogstade|Oeren|Sint-Rijkers,51.0124,2.7112
8691,Alveringem,Alveringem,Alveringem,Alveringem|Beveren-aan-de-IJzer|Gijverinkhove|Izenberge|Leisele|Stavele,50.9407,2.6724
8700,Tielt,Tielt,Tielt,Tielt|Aarsele|Kanegem|Schuiferskapelle,50.9993,3.3271
8710,Wielsbeke,Wielsbeke,Wielsbeke,Wielsbeke|Ooigem|Sint-Baafs-Vijve,50.9000,3.3667
8720,Dentergem,Dentergem,Dentergem,Dentergem|Markegem|Oeselgem|Wakken,50.9643,3.4162
8730,Beernem,Beernem,Beernem,Beernem|Oedelem|Sint-Joris,51.1398,3.3390
8740,Pittem,Pittem,Pittem,Pittem|Egem,50.9928,3.2632
8750,Wingene,Wingene,Wingene,Wingene|Zwevezele,51.0578,3.2736
8755,Wingene,Wingene,Wingene,Wingene|Ruiselede,51.0404,3.3942
8760,Tielt,Tielt,Tielt,Tielt|Meulebeke,50.9514,3.2880
8770,Ingelmunster,Ingelmunster,Ingelmunster,Ingelmunster,50.9208,3.2557
8780,Oostrozebeke,Oostrozebeke,Oostrozebeke,Oostrozebeke,50.9209,3.3380
8790,Waregem,Waregem,Waregem,Waregem,50.8890,3.4276
8791,Waregem,Waregem,Waregem,Waregem|Beveren,50.8754,3.3403
8792,Waregem,Waregem,Waregem,Waregem|Desselgem,50.8861,3.3596
8793,Waregem,Waregem,Waregem,Waregem|Sint-Eloois-Vijve,50.9091,3.4155
8800,Roeselare,Roeselare,Roulers,Roeselare|Roulers|Beveren|Oekene|Rumbeke,50.9465,3.1227
8810,Lichtervelde,Lichtervelde,Lichtervelde,Lichtervelde,51.0333,3.1500
8820,Torhout,Torhout,Torhout,Torhout,51.0656,3.1008
8830,Hooglede,Hooglede,Hooglede,Hooglede|Gits,50.9833,3.0833
8840,Staden,Staden,Staden,Staden|Oostnieuwkerke|Westrozebeke,50.9746,3.0147
8850,Ardooie,Ardooie,Ardooie,Ardooie,50.9757,3.1974
8851,Ardooie,Ardooie,Ardooie,Ardooie|Koolskamp,51.0023,3.2104
8860,Lendelede,Lendelede,Lendelede,Lendelede,50.8863,3.2375
8870,Izegem,Izegem,Izegem,Izegem|Emelgem|Kachtem,50.9140,3.2138
8880,Ledegem,Ledegem,Ledegem,Ledegem|Rollegem-Kapelle|Sint-Eloois-Winkel,50.8579,3.1241
8890,Moorslede,Moorslede,Moorslede,Moorslede|Dadizele,50.8919,3.0612
8900,Ieper,Ieper,Ypres,Ieper|Ypres|Brielen|Dikkebus|Sint-Jan,50.8511,2.8857
8902,Ieper,Ieper,Ypres,Ieper|Ypres|Hollebeke|Voormezele|Zillebeke,50.8168,2.8762
8904,Ieper,Ieper,Ypres,Ieper|Ypres|Boezinge|Zuidschote,50.8967,2.8542
8906,Ieper,Ieper,Ypres,Ieper|Ypres|Elverdinge,50.8848,2.8171
8908,Ieper,Ieper,Ypres,Ieper|Ypres|Vlamertinge,50.8549,2.8202
8920,Langemark-Poelkapelle,Langemark-Poelkapelle,Langemark-Poelkapelle,Langemark-Poelkapelle|Bikschote|Langemark|Poelkapelle,50.9197,2.9130
8930,Menen,Menen,Menin,Menen|Menin|Lauwe|Rekkem,50.7972,3.1224
8940,Wervik,Wervik,Wervik,Wervik|Geluwe,50.7807,3.0385
8950,Heuvelland,Heuvelland,Heuvelland,Heuvelland|Nieuwkerke,50.7760,2.8223
8951,Heuvelland,Heuvelland,Heuvelland,Heuvelland|Dranouter,50.7660,2.7839
8952,Heuvelland,Heuvelland,Heuvelland,Heuvelland|Wulvergem,50.7602,2.8524
8953,Heuvelland,Heuvelland,Heuvelland,Heuvelland|Wijtschate,50.7863,2.8837
8954,Heuvelland,Heuvelland,Heuvelland,Heuvelland|Westouter,50.7972,2.7465
8956,Heuvelland,Heuvelland,Heuvelland,Heuvelland|Kemmel,50.7833,2.8271
8957,Mesen,Mesen,Messines,Mesen|Messines,50.7658,2.8976
8958,Heuvelland,Heuvelland,Heuvelland,Heuvelland|Loker,50.7817,2.7723
8970,Poperinge,Poperinge,Poperinge,Poperinge|Reningelst,50.8539,2.7266
8972,Poperinge,Poperinge,Poperinge,Poperinge|Krombeke|Proven|Roesbrugge-Haringe,50.9181,2.6254
8978,Poperinge,Poperinge,Poperinge,Poperinge|Watou,50.8586,2.6207
8980,Zonnebeke,Zonnebeke,Zonnebeke,Zonnebeke|Beselare|Geluveld|Passendale|Zandvoorde,50.8726,2.9873
9000,Gent,Gent,Gand,Gent|Gand,51.0500,3.7167
9030,Gent,Gent,Gand,Gent|Gand|Mariakerke,51.0748,3.6829
9031,Gent,Gent,Gand,Gent|Gand|Drongen,51.0507,3.6565
9032,Gent,Gent,Gand,Gent|Gand|Wondelgem,51.0870,3.7091
9040,Gent,Gent,Gand,Gent|Gand|Sint-Amandsberg,51.0595,3.7494
9041,Gent,Gent,Gand,Gent|Gand|Oostakker,51.1012,3.7695
9042,Gent,Gent,Gand,Gent|Gand|Desteldonk|Mendonk|Sint-Kruis-Winkel,51.1219,3.7870
9050,Gent,Gent,Gand,Gent|Gand|Gentbrugge|Ledeberg,51.0369,3.7651
9051,Gent,Gent,Gand,Gent|Gand|Afsnee|Sint-Denijs-Westrem,51.0213,3.6720
9052,Gent,Gent,Gand,Gent|Gand|Zwijnaarde,51.0008,3.7075
9060,Zelzate,Zelzate,Zelzate,Zelzate,51.1896,3.8078
9070,Destelbergen,Destelbergen,Destelbergen,Destelbergen|Heusden,51.0595,3.7990
9080,Lochristi,Lochristi,Lochristi,Lochristi|Beervelde|Zaffelare|Zeveneken,51.0964,3.8319
9090,Merelbeke-Melle,Merelbeke-Melle,Merelbeke-Melle,Merelbeke-Melle|Gontrode|Melle,50.9838,3.7976
9100,Sint-Niklaas,Sint-Niklaas,Saint-Nicolas,Sint-Niklaas|Saint-Nicolas|Nieuwkerken-Waas,51.1651,4.1437
9111,Sint-Niklaas,Sint-Niklaas,Saint-Nicolas,Sint-Niklaas|Saint-Nicolas|Belsele,51.1460,4.0886
9112,Sint-Niklaas,Sint-Niklaas,Saint-Nicolas,Sint-Niklaas|Saint-Nicolas|Sinaai-Waas,51.1579,4.0409
9120,Beveren-Kruibeke-Zwijndrecht,Beveren-Kruibeke-Zwijndrecht,Beveren-Kruibeke-Zwijndrecht,Beveren-Kruibeke-Zwijndrecht|Beveren-Waas|Haasdonk|Kallo|Melsele|Vrasene,51.1815,4.2414
9130,Beveren-Kruibeke-Zwijndrecht,Beveren-Kruibeke-Zwijndrecht,Beveren-Kruibeke-Zwijndrecht,Beveren-Kruibeke-Zwijndrecht|Doel|Kallo|Kieldrecht|Verrebroek,51.3110,4.2642
9140,Temse,Temse,Tamise,Temse|Tamise|Elversele|Steendorp|Tielrode,51.1279,4.2137
9150,Beveren-Kruibeke-Zwijndrecht,Beveren-Kruibeke-Zwijndrecht,Beveren-Kruibeke-Zwijndrecht,Beveren-Kruibeke-Zwijndrecht|Bazel|Kruibeke|Rupelmonde,51.1293,4.2943
9160,Lokeren,Lokeren,Lokeren,Lokeren|Daknam|Eksaarde,51.1036,3.9934
9170,Sint-Gillis-Waas,Sint-Gillis-Waas,Sint-Gillis-Waas,Sint-Gillis-Waas|De Klinge|Meerdonk|Sint-Pauwels,51.2191,4.1237
9180,Lokeren,Lokeren,Lokeren,Lokeren|Moerbeke-Waas,51.1741,3.9300
9185,Lochristi,Lochristi,Lochristi,Lochristi|Wachtebeke,51.1685,3.8718
9190,Stekene,Stekene,Stekene,Stekene|Kemzeke,51.2099,4.0365
9200,Dendermonde,Dendermonde,Termonde,Dendermonde|Termonde|Appels|Baasrode|Grembergen|Mespelare|Oudegem|Schoonaarde|Sint-Gillis-Dendermonde,51.0287,4.1011
9220,Hamme,Hamme,Hamme,Hamme|Moerzeke,51.0982,4.1370
9230,Wetteren,Wetteren,Wetteren,Wetteren|Massemen|Westrem,51.0053,3.8834
9240,Zele,Zele,Zele,Zele,51.0657,4.0403
9250,Waasmunster,Waasmunster,Waasmunster,Waasmunster,51.1057,4.0857
9255,Buggenhout,Buggenhout,Buggenhout,Buggenhout|Opdorp,51.0159,4.2017
9260,Wichelen,Wichelen,Wichelen,Wichelen|Schellebelle|Serskamp,51.0053,3.9768
9270,Laarne,Laarne,Laarne,Laarne|Kalken,51.0308,3.8508
9280,Lebbeke,Lebbeke,Lebbeke,Lebbeke|Denderbelle|Wieze,51.0046,4.1346
9290,Berlare,Berlare,Berlare,Berlare|Overmere|Uitbergen,51.0333,4.0000
9300,Aalst,Aalst,Alost,Aalst|Alost,50.9360,4.0355
9308,Aalst,Aalst,Alost,Aalst|Alost|Gijzegem|Hofstade,50.9860,4.0494
9310,Aalst,Aalst,Alost,Aalst|Alost|Baardegem|Herdersem|Meldert|Moorsel,50.9548,4.1420
9320,Aalst,Aalst,Alost,Aalst|Alost|Erembodegem|Nieuwerkerken,50.9190,4.0504
9340,Lede,Lede,Lede,Lede|Impe|Oordegem|Smetlede|Wanzele,50.9663,3.9859
9400,Ninove,Ninove,Ninove,Ninove|Appelterre-Eichem|Denderwindeke|Lieferinge|Nederhasselt|Okegem|Voorde,50.8278,4.0266
9401,Ninove,Ninove,Ninove,Ninove|Pollare,50.8171,4.0060
9402,Ninove,Ninove,Ninove,Ninove|Meerbeke,50.8244,4.0367
9403,Ninove,Ninove,Ninove,Ninove|Neigem,50.8027,4.0599
9404,Ninove,Ninove,Ninove,Ninove|Aspelare,50.8419,3.9574
9406,Ninove,Ninove,Ninove,Ninove|Outer,50.8419,3.9987
9420,Erpe-Mere,Erpe-Mere,Erpe-Mere,Erpe-Mere|Aaigem|Bambrugge|Burst|Erondegem|Erpe|Mere|Ottergem|Vlekkem,50.9215,3.9320
9450,Haaltert,Haaltert,Haaltert,Haaltert|Denderhoutem|Heldergem,50.9063,4.0009
9451,Haaltert,Haaltert,Haaltert,Haaltert|Kerksken,50.8907,3.9948
9470,Denderleeuw,Denderleeuw,Denderleeuw,Denderleeuw,50.8851,4.0760
9472,Denderleeuw,Denderleeuw,Denderleeuw,Denderleeuw|Iddergem,50.8763,4.0443
9473,Denderleeuw,Denderleeuw,Denderleeuw,Denderleeuw|Welle,50.8988,4.0560
9500,Geraardsbergen,Geraardsbergen,Grammont,Geraardsbergen|Grammont|Goeferdinge|Moerbeke|Nederboelare|Onkerzele|Ophasselt|Overboelare|Viane|Zarlardinge,50.7734,3.8822
9506,Geraardsbergen,Geraardsbergen,Grammont,Geraardsbergen|Grammont|Grimminge|Idegem|Nieuwenhove|Schendelbeke|Smeerebbe-Vloerzegem|Waarbeke|Zandbergen,50.7776,3.9680
9520,Sint-Lievens-Houtem,Sint-Lievens-Houtem,Sint-Lievens-Houtem,Sint-Lievens-Houtem|Bavegem|Oombergen|Vlierzele|Zonnegem,50.9197,3.8623
9521,Sint-Lievens-Houtem,Sint-Lievens-Houtem,Sint-Lievens-Houtem,Sint-Lievens-Houtem|Letterhoutem,50.9277,3.8797
9550,Herzele,Herzele,Herzele,Herzele|Hillegem|Sint-Antelinks|Sint-Lievens-Esse|Steenhuize-Wijnhuize|Woubrechtegem,50.8868,3.8901
9551,Herzele,Herzele,Herzele,Herzele|Ressegem,50.8911,3.9113
9552,Herzele,Herzele,Herzele,Herzele|Borsbeke,50.9063,3.8900
9570,Lierde,Lierde,Lierde,Lierde|Deftinge|Sint-Maria-Lierde,50.8041,3.8440
9571,Lierde,Lierde,Lierde,Lierde|Hemelveerdegem,50.8073,3.8576
9572,Lierde,Lierde,Lierde,Lierde|Sint-Martens-Lierde,50.8037,3.8254
9600,Ronse,Ronse,Renaix,Ronse|Renaix,50.7457,3.6005
9620,Zottegem,Zottegem,Zottegem,Zottegem|Elene|Erwetegem|Godveerdegem|Grotenberge|Leeuwergem|Oombergen|Sint-Goriks-Oudenhove|Sint-Maria-Oudenhove|Strijpen|Velzeke-Ruddershove,50.8696,3.8105
9630,Zwalm,Zwalm,Zwalin,Zwalm|Zwalin|Beerlegem|Dikkele|Hundelgem|Meilegem|Munkzwalm|Paulatem|Roborst|Rozebeke|Sint-Blasius-Boekel|Sint-Denijs-Boekel|Sint-Maria-Latem,50.8820,3.7277
9636,Zwalm,Zwalm,Zwalin,Zwalm|Zwalin|Nederzwalm-Hermelgem,50.8833,3.6833
9660,Brakel,Brakel,Brakel,Brakel|Elst|Everbeek|Michelbeke|Nederbrakel|Opbrakel|Sint-Maria-Oudenhove|Zegelsem,50.8010,3.7626
9661,Brakel,Brakel,Brakel,Brakel|Parike,50.7849,3.7975
9667,Horebeke,Horebeke,Horebeke,Horebeke|Sint-Kornelis-Horebeke|Sint-Maria-Horebeke,50.8367,3.6929
9680,Maarkedal,Maarkedal,Maarkedal,Maarkedal|Etikhove|Maarke-Kerkem,50.8160,3.6451
9681,Maarkedal,Maarkedal,Maarkedal,Maarkedal|Nukerke,50.7956,3.5949
9688,Maarkedal,Maarkedal,Maarkedal,Maarkedal|Schorisse,50.8031,3.6763
9690,Kluisbergen,Kluisbergen,Kluisbergen,Kluisbergen|Berchem|Kwaremont|Ruien|Zulzeke,50.7790,3.5267
9700,Oudenaarde,Oudenaarde,Audenarde,Oudenaarde|Audenarde|Bevere|Edelare|Eine|Ename|Heurne|Leupegem|Mater|Melden|Mullem|Nederename|Ooike|Volkegem|Welden,50.8517,3.6089
9750,Kruisem,Kruisem,Kruisem,Kruisem|Huise|Ouwegem|Zingem,50.9041,3.6530
9770,Kruisem,Kruisem,Kruisem,Kruisem|Kruishoutem,50.9017,3.5259
9771,Kruisem,Kruisem,Kruisem,Kruisem|Nokere,50.8854,3.5101
9772,Kruisem,Kruisem,Kruisem,Kruisem|Wannegem-Lede,50.8904,3.5514
9790,Wortegem-Petegem,Wortegem-Petegem,Wortegem-Petegem,Wortegem-Petegem|Elsegem|Moregem|Ooike|Petegem-aan-de-Schelde|Wortegem,50.8465,3.5432
9800,Deinze,Deinze,Deinze,Deinze|Astene|Bachte-Maria-Leerne|Gottem|Grammene|Meigem|Petegem-aan-de-Leie|Sint-Martens-Leerne|Vinkt|Wontergem|Zeveren,50.9817,3.5310
9810,Nazareth-De Pinte,Nazareth-De Pinte,Nazareth-De Pinte,Nazareth-De Pinte|Eke|Nazareth,50.9593,3.6396
9820,Merelbeke-Melle,Merelbeke-Melle,Merelbeke-Melle,Merelbeke-Melle|Bottelare|Lemberge|Melsen|Merelbeke|Munte|Schelderode,50.9444,3.7427
9830,Sint-Martens-Latem,Sint-Martens-Latem,Sint-Martens-Latem,Sint-Martens-Latem,51.0146,3.6378
9831,Sint-Martens-Latem,Sint-Martens-Latem,Sint-Martens-Latem,Sint-Martens-Latem|Deurle,51.0041,3.6147
9840,Nazareth-De Pinte,Nazareth-De Pinte,Nazareth-De Pinte,Nazareth-De Pinte|De Pinte|Zevergem,50.9934,3.6475
9850,Deinze,Deinze,Deinze,Deinze|Hansbeke|Landegem|Merendree|Nevele|Poesele|Vosselare,51.0552,3.5767
9860,Oosterzele,Oosterzele,Oosterzele,Oosterzele|Balegem|Gijzenzele|Landskouter|Moortsele|Scheldewindeke,50.9526,3.7983
9870,Zulte,Zulte,Zulte,Zulte|Machelen|Olsene,50.9195,3.4486
9880,Aalter,Aalter,Aalter,Aalter|Lotenhulle|Poeke,51.0902,3.4469
9881,Aalter,Aalter,Aalter,Aalter|Bellem,51.0940,3.4928
9890,Gavere,Gavere,Gavere,Gavere|Asper|Baaigem|Dikkelvenne|Semmerzake|Vurste,50.9292,3.6618
9900,Eeklo,Eeklo,Eeklo,Eeklo,51.1870,3.5565
9910,Aalter,Aalter,Aalter,Aalter|Knesselare|Ursel,51.1393,3.4128
9920,Lievegem,Lievegem,Lievegem,Lievegem|Lovendegem,51.1017,3.6130
9921,Lievegem,Lievegem,Lievegem,Lievegem|Vinderhoute,51.0876,3.6416
9930,Lievegem,Lievegem,Lievegem,Lievegem|Zomergem,51.1199,3.5650
9931,Lievegem,Lievegem,Lievegem,Lievegem|Oostwinkel,51.1515,3.5320
9932,Lievegem,Lievegem,Lievegem,Lievegem|Ronsele,51.1306,3.5518
9940,Evergem,Evergem,Evergem,Evergem|Ertvelde|Kluizen|Sleidinge,51.1131,3.7098
9950,Lievegem,Lievegem,Lievegem,Lievegem|Waarschoot,51.1525,3.6050
9960,Assenede,Assenede,Assenede,Assenede,51.2260,3.7509
9961,Assenede,Assenede,Assenede,Assenede|Boekhoute,51.2586,3.7178
9968,Assenede,Assenede,Assenede,Assenede|Bassevelde|Oosteeklo,51.1930,3.6893
9970,Kaprijke,Kaprijke,Kaprijke,Kaprijke,51.2172,3.6152
9971,Kaprijke,Kaprijke,Kaprijke,Kaprijke|Lembeke,51.1949,3.6333
9980,Sint-Laureins,Sint-Laureins,Sint-Laureins,Sint-Laureins,51.2420,3.5244
9981,Sint-Laureins,Sint-Laureins,Sint-Laureins,Sint-Laureins|Sint-Margriete,51.2822,3.5464
9982,Sint-Laureins,Sint-Laureins,Sint-Laureins,Sint-Laureins|Sint-Jan-in-Eremo,51.2716,3.5806
9988,Sint-Laureins,Sint-Laureins,Sint-Laureins,Sint-Laureins|Waterland-Oudeman|Watervliet,51.2749,3.6260
9990,Maldegem,Maldegem,Maldegem,Maldegem,51.2074,3.4451
9991,Maldegem,Maldegem,Maldegem,Maldegem|Adegem,51.2051,3.4954
9992,Maldegem,Maldegem,Maldegem,Maldegem|Middelburg,51.2561,3.4160
